ID,,face,distance
1,1,80,20
1,2,120,50
1,3,80,60
1,4,80,70
2,1,80,40
2,2,80,70
2,3,80,90
2,4,80,40
3,1,120,30
3,2,80,70
3,3,80,40
3,4,120,30
4,1,80,70
4,2,80,70
4,3,120,60
4,4,120,20
5,1,120,40
5,2,120,90
5,3,80,20
5,4,80,20
6,1,80,20
6,2,80,60
6,3,80,90
6,4,80,50
7,1,80,30
7,2,120,60
7,3,80,90
7,4,80,70
8,1,120,20
8,2,80,50
8,3,120,30
8,4,120,70
9,1,120,20
9,2,120,60
9,3,120,20
9,4,80,50
10,1,80,90
10,2,80,60
10,3,80,50
10,4,80,20
11,1,80,90
11,2,80,70
11,3,120,60
11,4,80,70
12,1,120,90
12,2,120,60
12,3,120,30
12,4,120,20
13,1,80,90
13,2,120,50
13,3,80,90
13,4,120,50
14,1,80,30
14,2,120,60
14,3,80,90
14,4,120,60
15,1,120,70
15,2,80,30
15,3,80,70
15,4,80,50
16,1,120,60
16,2,120,50
16,3,120,90
16,4,120,40
17,1,120,40
17,2,120,50
17,3,80,20
17,4,120,90
18,1,80,40
18,2,80,90
18,3,80,20
18,4,80,70
19,1,120,30
19,2,80,50
19,3,120,50
19,4,120,60
20,1,80,70
20,2,120,70
20,3,120,60
20,4,80,60
21,1,80,60
21,2,120,20
21,3,120,40
21,4,80,60
22,1,120,50
22,2,80,70
22,3,120,30
22,4,80,40
23,1,120,90
23,2,120,60
23,3,80,60
23,4,120,40
24,1,80,30
24,2,120,90
24,3,120,50
24,4,120,90
25,1,120,50
25,2,120,30
25,3,120,90
25,4,120,40
26,1,120,30
26,2,120,70
26,3,80,90
26,4,120,60
27,1,80,70
27,2,80,30
27,3,120,50
27,4,120,30
28,1,80,40
28,2,120,20
28,3,80,70
28,4,120,40
29,1,80,70
29,2,80,50
29,3,80,90
29,4,80,50
30,1,80,30
30,2,80,50
30,3,120,60
30,4,80,60
31,1,80,20
31,2,120,60
31,3,80,40
31,4,80,50
32,1,120,60
32,2,80,20
32,3,80,60
32,4,80,70
33,1,80,30
33,2,80,50
33,3,80,60
33,4,120,70
34,1,80,30
34,2,120,70
34,3,80,20
34,4,120,90
35,1,120,50
35,2,80,20
35,3,120,70
35,4,80,40
36,1,120,70
36,2,80,40
36,3,80,50
36,4,80,50
37,1,120,70
37,2,80,30
37,3,120,90
37,4,120,70
38,1,80,40
38,2,120,30
38,3,80,70
38,4,80,20
39,1,120,50
39,2,120,50
39,3,80,20
39,4,80,70
40,1,80,70
40,2,120,20
40,3,80,50
40,4,80,90
41,1,120,20
41,2,120,50
41,3,120,30
41,4,80,90
42,1,80,90
42,2,80,50
42,3,120,40
42,4,80,50
43,1,120,50
43,2,120,50
43,3,120,90
43,4,120,20
44,1,80,60
44,2,80,20
44,3,120,40
44,4,80,60
45,1,80,90
45,2,120,40
45,3,120,50
45,4,80,30
46,1,120,40
46,2,120,70
46,3,80,40
46,4,120,50
47,1,120,90
47,2,120,90
47,3,80,60
47,4,120,70
48,1,80,70
48,2,120,60
48,3,80,50
48,4,120,70
49,1,120,50
49,2,80,60
49,3,80,40
49,4,120,40
50,1,80,70
50,2,120,40
50,3,120,50
50,4,80,30
51,1,120,70
51,2,120,40
51,3,120,40
51,4,80,50
52,1,80,50
52,2,80,20
52,3,120,20
52,4,120,50
53,1,120,30
53,2,120,70
53,3,80,60
53,4,120,30
54,1,80,20
54,2,80,40
54,3,80,20
54,4,80,20
55,1,80,40
55,2,120,30
55,3,80,70
55,4,120,60
56,1,80,70
56,2,80,50
56,3,120,60
56,4,120,90
57,1,80,50
57,2,80,70
57,3,120,40
57,4,120,90
58,1,80,20
58,2,120,70
58,3,120,90
58,4,80,50
59,1,80,90
59,2,120,40
59,3,120,90
59,4,120,40
60,1,80,60
60,2,120,90
60,3,80,70
60,4,120,20
61,1,80,70
61,2,120,50
61,3,80,20
61,4,80,30
62,1,80,20
62,2,80,60
62,3,120,30
62,4,120,20
63,1,80,70
63,2,80,90
63,3,120,40
63,4,80,50
64,1,120,30
64,2,80,40
64,3,120,90
64,4,120,20
65,1,120,50
65,2,120,70
65,3,120,60
65,4,120,20
66,1,80,50
66,2,120,30
66,3,120,30
66,4,120,60
67,1,120,30
67,2,120,40
67,3,80,50
67,4,120,90
68,1,120,20
68,2,80,30
68,3,120,70
68,4,120,20
69,1,80,20
69,2,80,60
69,3,80,70
69,4,80,70
70,1,80,20
70,2,80,70
70,3,120,20
70,4,80,50
71,1,120,90
71,2,120,60
71,3,120,50
71,4,80,90
72,1,120,50
72,2,120,70
72,3,80,90
72,4,120,40
73,1,120,90
73,2,80,30
73,3,120,90
73,4,120,20
74,1,120,30
74,2,120,30
74,3,120,90
74,4,120,90
75,1,120,50
75,2,120,40
75,3,80,90
75,4,120,20
76,1,120,20
76,2,120,50
76,3,120,90
76,4,120,40
77,1,80,50
77,2,120,20
77,3,120,20
77,4,80,40
78,1,80,90
78,2,120,50
78,3,80,40
78,4,80,50
79,1,80,70
79,2,120,40
79,3,120,40
79,4,120,30
80,1,120,60
80,2,80,20
80,3,120,40
80,4,80,50
81,1,120,50
81,2,120,50
81,3,120,70
81,4,80,90
82,1,120,50
82,2,80,40
82,3,120,60
82,4,80,50
83,1,120,40
83,2,120,50
83,3,120,20
83,4,80,30
84,1,80,20
84,2,80,70
84,3,120,90
84,4,80,20
85,1,120,20
85,2,120,70
85,3,120,20
85,4,120,90
86,1,120,90
86,2,80,60
86,3,80,70
86,4,80,60
87,1,80,30
87,2,80,20
87,3,120,20
87,4,80,20
88,1,120,20
88,2,120,20
88,3,80,20
88,4,120,90
89,1,80,70
89,2,80,20
89,3,80,70
89,4,80,70
90,1,120,20
90,2,80,70
90,3,80,60
90,4,120,20
91,1,80,20
91,2,80,70
91,3,80,60
91,4,80,90
92,1,80,30
92,2,120,90
92,3,120,70
92,4,80,60
93,1,80,30
93,2,80,20
93,3,80,60
93,4,80,20
94,1,120,60
94,2,80,70
94,3,80,30
94,4,80,20
95,1,80,20
95,2,80,30
95,3,80,60
95,4,80,20
96,1,80,30
96,2,120,90
96,3,120,20
96,4,120,90
97,1,120,70
97,2,80,90
97,3,80,90
97,4,120,60
98,1,120,50
98,2,80,20
98,3,120,30
98,4,80,70
99,1,80,60
99,2,80,90
99,3,80,90
99,4,80,60
100,1,80,60
100,2,120,40
100,3,120,70
100,4,80,50
101,1,80,60
101,2,80,30
101,3,120,50
101,4,80,50
102,1,80,70
102,2,120,50
102,3,120,70
102,4,80,70
103,1,80,20
103,2,120,70
103,3,80,40
103,4,120,70
104,1,120,20
104,2,80,20
104,3,80,50
104,4,80,20
105,1,120,70
105,2,80,60
105,3,80,90
105,4,120,50
106,1,120,70
106,2,80,60
106,3,120,20
106,4,80,30
107,1,80,60
107,2,120,60
107,3,80,70
107,4,80,20
108,1,80,90
108,2,80,50
108,3,120,20
108,4,120,30
109,1,120,30
109,2,120,30
109,3,80,60
109,4,80,90
110,1,80,20
110,2,120,40
110,3,80,50
110,4,80,70
111,1,120,20
111,2,80,30
111,3,120,30
111,4,80,50
112,1,120,40
112,2,120,90
112,3,120,90
112,4,80,90
113,1,120,30
113,2,120,20
113,3,120,30
113,4,80,90
114,1,80,60
114,2,80,50
114,3,80,40
114,4,80,20
115,1,80,60
115,2,80,20
115,3,80,20
115,4,120,70
116,1,120,60
116,2,80,30
116,3,120,20
116,4,120,60
117,1,120,30
117,2,80,90
117,3,80,20
117,4,120,50
118,1,80,60
118,2,80,50
118,3,120,70
118,4,80,60
119,1,80,70
119,2,120,50
119,3,80,30
119,4,120,40
120,1,120,60
120,2,120,70
120,3,80,90
120,4,120,70
121,1,120,90
121,2,80,70
121,3,80,40
121,4,80,50
122,1,80,90
122,2,80,90
122,3,80,70
122,4,80,20
123,1,120,60
123,2,80,20
123,3,80,90
123,4,80,50
124,1,80,60
124,2,120,90
124,3,120,90
124,4,80,20
125,1,80,70
125,2,80,50
125,3,80,30
125,4,80,20
126,1,120,60
126,2,120,20
126,3,80,40
126,4,120,40
127,1,80,30
127,2,120,50
127,3,80,90
127,4,80,40
128,1,80,60
128,2,80,30
128,3,80,70
128,4,120,50
129,1,80,90
129,2,120,30
129,3,80,30
129,4,120,60
130,1,120,30
130,2,120,20
130,3,80,40
130,4,120,20
131,1,120,30
131,2,80,40
131,3,120,70
131,4,120,90
132,1,80,90
132,2,80,40
132,3,80,90
132,4,120,70
133,1,80,40
133,2,120,60
133,3,120,90
133,4,120,70
134,1,80,20
134,2,80,60
134,3,80,40
134,4,80,20
135,1,120,40
135,2,80,40
135,3,120,90
135,4,120,90
136,1,120,20
136,2,120,90
136,3,80,90
136,4,120,50
137,1,80,60
137,2,80,90
137,3,120,60
137,4,80,90
138,1,120,60
138,2,80,50
138,3,120,40
138,4,120,40
139,1,120,70
139,2,80,40
139,3,120,70
139,4,120,50
140,1,120,30
140,2,80,40
140,3,120,50
140,4,80,90
141,1,80,20
141,2,80,30
141,3,120,60
141,4,80,20
142,1,120,60
142,2,80,20
142,3,120,20
142,4,80,40
143,1,80,20
143,2,80,20
143,3,120,70
143,4,80,30
144,1,120,30
144,2,80,50
144,3,80,40
144,4,80,50
145,1,120,90
145,2,120,40
145,3,120,60
145,4,120,40
146,1,120,40
146,2,120,70
146,3,80,40
146,4,80,40
147,1,120,30
147,2,120,90
147,3,80,90
147,4,80,40
148,1,120,70
148,2,80,30
148,3,120,40
148,4,80,20
149,1,120,60
149,2,120,70
149,3,80,70
149,4,80,20
150,1,80,20
150,2,120,50
150,3,120,20
150,4,80,70
151,1,120,60
151,2,80,60
151,3,80,30
151,4,80,40
152,1,80,40
152,2,120,90
152,3,120,70
152,4,80,50
153,1,80,70
153,2,80,90
153,3,80,20
153,4,120,90
154,1,120,30
154,2,120,30
154,3,120,60
154,4,80,90
155,1,120,70
155,2,80,50
155,3,120,90
155,4,120,20
156,1,80,40
156,2,120,90
156,3,80,90
156,4,120,20
157,1,80,30
157,2,120,40
157,3,120,50
157,4,80,70
158,1,120,90
158,2,80,20
158,3,80,60
158,4,120,50
159,1,120,60
159,2,80,20
159,3,120,30
159,4,80,40
160,1,80,50
160,2,80,60
160,3,120,70
160,4,120,90
161,1,120,40
161,2,80,50
161,3,120,50
161,4,120,60
162,1,80,40
162,2,120,70
162,3,80,30
162,4,80,90
163,1,80,20
163,2,120,30
163,3,120,70
163,4,80,70
164,1,120,90
164,2,120,20
164,3,120,40
164,4,80,60
165,1,80,70
165,2,120,50
165,3,120,30
165,4,80,20
166,1,80,70
166,2,120,50
166,3,120,20
166,4,120,40
167,1,120,30
167,2,120,70
167,3,120,60
167,4,80,40
168,1,80,50
168,2,120,90
168,3,80,50
168,4,80,50
169,1,120,70
169,2,80,50
169,3,120,60
169,4,80,30
170,1,120,60
170,2,80,40
170,3,120,20
170,4,120,50
171,1,80,40
171,2,80,30
171,3,80,60
171,4,80,20
172,1,120,70
172,2,80,90
172,3,120,70
172,4,120,70
173,1,80,50
173,2,80,90
173,3,80,30
173,4,120,90
174,1,120,90
174,2,80,30
174,3,80,30
174,4,80,20
175,1,120,70
175,2,120,70
175,3,80,70
175,4,120,40
176,1,120,90
176,2,80,90
176,3,80,90
176,4,80,40
177,1,80,70
177,2,80,90
177,3,120,60
177,4,80,30
178,1,120,40
178,2,80,50
178,3,120,60
178,4,120,60
179,1,120,70
179,2,80,90
179,3,80,60
179,4,120,50
180,1,80,90
180,2,120,50
180,3,120,70
180,4,80,70
181,1,120,30
181,2,80,40
181,3,120,70
181,4,120,40
182,1,80,90
182,2,80,70
182,3,120,20
182,4,80,70
183,1,80,90
183,2,80,70
183,3,120,30
183,4,120,70
184,1,120,60
184,2,80,70
184,3,80,60
184,4,120,20
185,1,80,70
185,2,120,50
185,3,120,50
185,4,80,20
186,1,80,20
186,2,80,20
186,3,120,40
186,4,120,50
187,1,80,90
187,2,80,50
187,3,120,60
187,4,120,30
188,1,80,20
188,2,120,90
188,3,120,60
188,4,120,20
189,1,80,90
189,2,120,20
189,3,80,30
189,4,120,90
190,1,80,60
190,2,120,50
190,3,120,90
190,4,120,20
191,1,80,90
191,2,120,30
191,3,120,70
191,4,80,20
192,1,80,50
192,2,80,20
192,3,120,30
192,4,80,70
193,1,80,70
193,2,120,90
193,3,120,60
193,4,80,20
194,1,80,30
194,2,120,30
194,3,120,60
194,4,80,70
195,1,80,70
195,2,120,20
195,3,80,70
195,4,120,30
196,1,80,60
196,2,80,40
196,3,120,60
196,4,80,90
197,1,120,70
197,2,80,70
197,3,120,30
197,4,120,60
198,1,120,30
198,2,120,40
198,3,80,70
198,4,80,90
199,1,80,60
199,2,80,40
199,3,80,60
199,4,80,90
200,1,80,40
200,2,80,50
200,3,80,60
200,4,120,50
201,1,120,40
201,2,120,50
201,3,120,30
201,4,120,20
202,1,80,90
202,2,80,20
202,3,120,60
202,4,80,30
203,1,120,60
203,2,120,50
203,3,120,20
203,4,80,40
204,1,120,60
204,2,80,70
204,3,120,90
204,4,80,30
205,1,120,60
205,2,80,20
205,3,120,40
205,4,120,60
206,1,120,30
206,2,80,30
206,3,120,40
206,4,80,70
207,1,80,60
207,2,80,40
207,3,120,40
207,4,120,40
208,1,120,90
208,2,80,90
208,3,80,70
208,4,80,20
209,1,80,40
209,2,80,40
209,3,80,90
209,4,80,90
210,1,120,20
210,2,80,30
210,3,80,70
210,4,120,60
211,1,120,30
211,2,120,70
211,3,80,70
211,4,120,20
212,1,80,50
212,2,120,50
212,3,120,30
212,4,120,90
213,1,80,50
213,2,80,70
213,3,80,30
213,4,80,50
214,1,120,20
214,2,120,70
214,3,120,50
214,4,80,70
215,1,80,20
215,2,80,30
215,3,80,30
215,4,80,40
216,1,80,90
216,2,120,50
216,3,80,90
216,4,120,70
217,1,120,70
217,2,120,30
217,3,120,40
217,4,80,70
218,1,120,50
218,2,80,20
218,3,80,40
218,4,120,40
219,1,80,90
219,2,80,40
219,3,120,20
219,4,120,40
220,1,80,30
220,2,80,90
220,3,120,30
220,4,80,60
221,1,80,60
221,2,80,50
221,3,120,40
221,4,80,30
222,1,80,60
222,2,80,50
222,3,80,90
222,4,80,90
223,1,120,30
223,2,120,70
223,3,80,90
223,4,120,20
224,1,120,20
224,2,120,90
224,3,120,40
224,4,80,30
225,1,120,60
225,2,80,60
225,3,80,40
225,4,120,20
226,1,80,70
226,2,80,50
226,3,120,50
226,4,120,70
227,1,80,50
227,2,120,90
227,3,120,60
227,4,120,20
228,1,80,90
228,2,120,70
228,3,120,50
228,4,80,50
229,1,80,20
229,2,80,90
229,3,80,30
229,4,120,90
230,1,80,90
230,2,120,50
230,3,80,90
230,4,80,30
231,1,120,60
231,2,80,90
231,3,120,30
231,4,80,90
232,1,120,50
232,2,120,70
232,3,80,90
232,4,80,60
233,1,120,40
233,2,80,30
233,3,80,50
233,4,120,30
234,1,120,60
234,2,80,90
234,3,120,30
234,4,80,30
235,1,120,90
235,2,120,60
235,3,120,40
235,4,80,90
236,1,120,50
236,2,80,30
236,3,80,60
236,4,80,20
237,1,120,70
237,2,80,90
237,3,80,60
237,4,80,60
238,1,120,30
238,2,120,60
238,3,120,90
238,4,80,30
239,1,120,20
239,2,80,90
239,3,80,40
239,4,80,70
240,1,80,30
240,2,80,70
240,3,80,60
240,4,80,20
241,1,120,40
241,2,80,20
241,3,120,40
241,4,120,20
242,1,120,50
242,2,80,30
242,3,80,70
242,4,80,60
243,1,80,30
243,2,120,70
243,3,120,90
243,4,120,20
244,1,80,20
244,2,120,30
244,3,120,50
244,4,120,60
245,1,80,30
245,2,80,70
245,3,120,40
245,4,120,50
246,1,120,90
246,2,80,60
246,3,120,20
246,4,80,20
247,1,80,60
247,2,120,60
247,3,120,50
247,4,120,30
248,1,120,40
248,2,120,30
248,3,120,20
248,4,120,90
249,1,80,30
249,2,80,60
249,3,80,70
249,4,80,30
250,1,80,40
250,2,80,90
250,3,80,50
250,4,80,90
251,1,80,90
251,2,80,30
251,3,120,30
251,4,80,30
252,1,120,50
252,2,120,50
252,3,120,40
252,4,80,50
253,1,80,50
253,2,80,70
253,3,120,30
253,4,120,30
254,1,80,70
254,2,80,70
254,3,120,20
254,4,120,90
255,1,80,50
255,2,80,90
255,3,120,50
255,4,120,20
256,1,80,50
256,2,80,70
256,3,120,90
256,4,120,60
257,1,120,70
257,2,120,40
257,3,80,50
257,4,120,90
258,1,80,50
258,2,80,50
258,3,120,70
258,4,120,90
259,1,80,20
259,2,80,30
259,3,80,20
259,4,120,90
260,1,120,40
260,2,120,90
260,3,80,50
260,4,80,60
261,1,80,90
261,2,120,90
261,3,120,30
261,4,120,60
262,1,80,30
262,2,80,20
262,3,80,30
262,4,80,20
263,1,80,30
263,2,120,90
263,3,120,40
263,4,120,40
264,1,80,70
264,2,120,60
264,3,120,70
264,4,120,20
265,1,120,90
265,2,120,50
265,3,80,50
265,4,120,70
266,1,120,50
266,2,120,70
266,3,80,50
266,4,120,70
267,1,120,30
267,2,80,20
267,3,80,20
267,4,120,60
268,1,80,90
268,2,80,60
268,3,80,60
268,4,80,40
269,1,80,70
269,2,120,50
269,3,80,60
269,4,80,20
270,1,120,40
270,2,80,30
270,3,120,60
270,4,120,50
271,1,120,20
271,2,120,90
271,3,80,20
271,4,80,20
272,1,80,60
272,2,120,70
272,3,80,70
272,4,80,70
273,1,80,60
273,2,80,30
273,3,80,70
273,4,120,40
274,1,80,20
274,2,80,40
274,3,120,70
274,4,120,50
275,1,80,20
275,2,80,40
275,3,120,20
275,4,120,50
276,1,120,40
276,2,80,70
276,3,80,50
276,4,120,20
277,1,80,90
277,2,120,30
277,3,80,70
277,4,120,50
278,1,120,90
278,2,120,90
278,3,80,70
278,4,120,20
279,1,120,90
279,2,120,40
279,3,80,20
279,4,80,50
280,1,80,70
280,2,80,30
280,3,120,90
280,4,80,50
281,1,120,90
281,2,80,70
281,3,120,50
281,4,80,70
282,1,80,70
282,2,120,60
282,3,80,50
282,4,120,90
283,1,120,70
283,2,120,70
283,3,80,40
283,4,120,90
284,1,80,40
284,2,120,60
284,3,120,30
284,4,80,50
285,1,120,20
285,2,120,70
285,3,80,70
285,4,80,90
286,1,120,20
286,2,80,40
286,3,120,40
286,4,120,50
287,1,120,30
287,2,120,40
287,3,80,70
287,4,80,70
288,1,120,30
288,2,80,60
288,3,120,60
288,4,80,50
289,1,80,20
289,2,120,70
289,3,80,40
289,4,80,50
290,1,120,30
290,2,120,40
290,3,80,90
290,4,80,50
291,1,120,90
291,2,120,70
291,3,80,70
291,4,80,90
292,1,80,90
292,2,80,50
292,3,120,40
292,4,120,70
293,1,80,30
293,2,80,20
293,3,80,30
293,4,80,20
294,1,120,90
294,2,120,30
294,3,120,60
294,4,80,60
295,1,80,70
295,2,80,20
295,3,80,30
295,4,80,50
296,1,80,70
296,2,120,20
296,3,120,70
296,4,120,50
297,1,80,60
297,2,120,70
297,3,80,70
297,4,120,40
298,1,80,60
298,2,120,60
298,3,80,90
298,4,120,40
299,1,120,30
299,2,80,50
299,3,120,60
299,4,80,60
300,1,120,50
300,2,120,60
300,3,80,20
300,4,120,30
301,1,120,20
301,2,80,50
301,3,120,90
301,4,80,50
302,1,120,50
302,2,80,60
302,3,120,20
302,4,120,60
303,1,120,30
303,2,80,70
303,3,80,90
303,4,120,60
304,1,80,60
304,2,80,40
304,3,120,30
304,4,120,20
305,1,120,30
305,2,80,70
305,3,120,50
305,4,80,60
306,1,80,40
306,2,120,50
306,3,80,70
306,4,120,70
307,1,120,30
307,2,120,40
307,3,120,70
307,4,120,60
308,1,80,20
308,2,120,40
308,3,80,90
308,4,80,50
309,1,80,40
309,2,120,70
309,3,120,70
309,4,80,90
310,1,120,20
310,2,80,60
310,3,80,60
310,4,120,60
311,1,80,50
311,2,80,20
311,3,120,30
311,4,80,50
312,1,120,20
312,2,80,60
312,3,80,50
312,4,80,70
313,1,120,40
313,2,80,60
313,3,80,70
313,4,80,90
314,1,80,20
314,2,120,90
314,3,120,40
314,4,120,50
315,1,80,90
315,2,80,70
315,3,80,40
315,4,120,70
316,1,80,40
316,2,120,50
316,3,80,20
316,4,120,20
317,1,80,40
317,2,80,90
317,3,120,90
317,4,80,30
318,1,120,70
318,2,80,30
318,3,120,90
318,4,120,70
319,1,80,40
319,2,80,30
319,3,80,50
319,4,120,40
320,1,120,30
320,2,120,90
320,3,80,50
320,4,120,60
321,1,120,60
321,2,120,50
321,3,120,70
321,4,80,60
322,1,120,50
322,2,120,60
322,3,80,90
322,4,80,20
323,1,120,70
323,2,120,50
323,3,80,70
323,4,120,30
324,1,80,30
324,2,80,20
324,3,120,50
324,4,80,40
325,1,80,20
325,2,120,90
325,3,80,20
325,4,80,20
326,1,120,20
326,2,80,20
326,3,120,30
326,4,80,50
327,1,80,50
327,2,120,70
327,3,120,30
327,4,120,60
328,1,80,60
328,2,120,70
328,3,120,20
328,4,80,50
329,1,80,60
329,2,80,30
329,3,80,40
329,4,80,50
330,1,80,30
330,2,80,50
330,3,120,90
330,4,120,30
331,1,120,60
331,2,80,30
331,3,80,30
331,4,120,20
332,1,80,60
332,2,120,30
332,3,80,70
332,4,80,70
333,1,120,40
333,2,120,30
333,3,120,20
333,4,120,30
334,1,120,50
334,2,80,90
334,3,120,60
334,4,80,20
335,1,120,90
335,2,80,40
335,3,120,70
335,4,80,40
336,1,80,60
336,2,120,30
336,3,80,20
336,4,120,70
337,1,120,60
337,2,120,60
337,3,120,30
337,4,80,40
338,1,120,40
338,2,80,30
338,3,80,20
338,4,80,60
339,1,120,20
339,2,80,90
339,3,80,30
339,4,120,70
340,1,80,70
340,2,120,30
340,3,120,90
340,4,80,30
341,1,120,90
341,2,80,60
341,3,120,70
341,4,120,30
342,1,80,20
342,2,120,50
342,3,80,30
342,4,120,30
343,1,120,40
343,2,80,40
343,3,120,40
343,4,120,70
344,1,80,50
344,2,80,30
344,3,80,30
344,4,80,30
345,1,120,50
345,2,80,50
345,3,120,60
345,4,80,20
346,1,80,40
346,2,80,40
346,3,120,60
346,4,80,30
347,1,80,60
347,2,80,30
347,3,80,60
347,4,80,30
348,1,80,90
348,2,120,90
348,3,80,90
348,4,120,90
349,1,120,70
349,2,120,90
349,3,120,60
349,4,120,60
350,1,120,40
350,2,80,40
350,3,80,70
350,4,80,60
351,1,80,60
351,2,120,50
351,3,120,40
351,4,120,60
352,1,80,70
352,2,120,50
352,3,80,40
352,4,80,70
353,1,80,40
353,2,120,50
353,3,120,30
353,4,80,60
354,1,80,30
354,2,80,90
354,3,80,20
354,4,80,50
355,1,120,40
355,2,120,70
355,3,80,20
355,4,120,20
356,1,120,40
356,2,80,50
356,3,120,20
356,4,120,50
357,1,80,20
357,2,120,60
357,3,120,50
357,4,80,50
358,1,80,70
358,2,120,70
358,3,80,50
358,4,120,60
359,1,80,60
359,2,80,30
359,3,80,70
359,4,80,90
360,1,80,60
360,2,120,20
360,3,120,70
360,4,80,20
361,1,80,60
361,2,80,70
361,3,120,30
361,4,80,90
362,1,120,20
362,2,120,30
362,3,120,50
362,4,80,60
363,1,80,30
363,2,120,60
363,3,120,50
363,4,120,30
364,1,120,70
364,2,80,50
364,3,120,50
364,4,120,30
365,1,120,50
365,2,80,70
365,3,80,70
365,4,120,70
366,1,80,70
366,2,120,20
366,3,120,20
366,4,120,70
367,1,80,40
367,2,80,30
367,3,120,20
367,4,120,60
368,1,80,70
368,2,120,30
368,3,80,60
368,4,120,40
369,1,120,60
369,2,80,70
369,3,80,40
369,4,120,30
370,1,80,60
370,2,80,90
370,3,120,30
370,4,80,60
371,1,120,90
371,2,120,90
371,3,80,50
371,4,80,40
372,1,120,30
372,2,80,60
372,3,80,90
372,4,80,40
373,1,120,60
373,2,120,40
373,3,80,90
373,4,120,40
374,1,120,30
374,2,80,40
374,3,120,50
374,4,120,70
375,1,80,50
375,2,120,50
375,3,120,40
375,4,80,40
376,1,80,70
376,2,120,90
376,3,120,20
376,4,120,70
377,1,80,70
377,2,80,60
377,3,120,70
377,4,80,20
378,1,80,30
378,2,120,30
378,3,120,60
378,4,80,20
379,1,80,30
379,2,80,50
379,3,80,50
379,4,80,30
380,1,80,50
380,2,120,60
380,3,120,20
380,4,80,60
381,1,120,30
381,2,120,90
381,3,80,70
381,4,120,90
382,1,80,20
382,2,80,50
382,3,120,30
382,4,80,30
383,1,80,30
383,2,80,50
383,3,80,60
383,4,120,40
384,1,80,40
384,2,120,60
384,3,120,60
384,4,120,20
385,1,120,60
385,2,80,60
385,3,80,60
385,4,80,70
386,1,120,50
386,2,80,30
386,3,120,30
386,4,80,60
387,1,120,40
387,2,120,40
387,3,120,60
387,4,120,50
388,1,80,40
388,2,80,60
388,3,120,50
388,4,80,50
389,1,120,40
389,2,120,60
389,3,80,30
389,4,120,60
390,1,80,40
390,2,80,40
390,3,80,90
390,4,120,70
391,1,120,30
391,2,80,60
391,3,120,70
391,4,120,20
392,1,80,60
392,2,80,60
392,3,80,30
392,4,80,20
393,1,80,50
393,2,120,90
393,3,120,30
393,4,120,40
394,1,120,90
394,2,80,40
394,3,80,90
394,4,80,90
395,1,120,90
395,2,120,40
395,3,120,50
395,4,80,60
396,1,80,70
396,2,120,50
396,3,120,30
396,4,80,90
397,1,120,70
397,2,80,50
397,3,120,70
397,4,80,60
398,1,120,70
398,2,120,50
398,3,120,50
398,4,120,30
399,1,120,90
399,2,120,20
399,3,120,60
399,4,120,50
400,1,120,30
400,2,120,70
400,3,80,30
400,4,80,30
401,1,80,90
401,2,120,90
401,3,120,90
401,4,120,50
402,1,120,90
402,2,80,70
402,3,80,30
402,4,80,60
403,1,120,30
403,2,80,90
403,3,120,30
403,4,80,20
404,1,120,50
404,2,80,60
404,3,120,70
404,4,120,50
405,1,80,30
405,2,80,70
405,3,120,50
405,4,120,40
406,1,120,90
406,2,120,70
406,3,80,90
406,4,80,20
407,1,80,40
407,2,80,30
407,3,80,30
407,4,120,50
408,1,120,40
408,2,80,40
408,3,120,60
408,4,80,20
409,1,120,20
409,2,80,40
409,3,80,70
409,4,80,20
410,1,80,60
410,2,80,60
410,3,80,30
410,4,80,40
411,1,80,90
411,2,120,40
411,3,80,50
411,4,120,20
412,1,120,70
412,2,120,70
412,3,80,50
412,4,80,60
413,1,120,60
413,2,120,70
413,3,120,90
413,4,120,60
414,1,80,40
414,2,120,60
414,3,80,70
414,4,120,70
415,1,80,50
415,2,120,50
415,3,120,90
415,4,80,70
416,1,80,70
416,2,120,50
416,3,80,20
416,4,120,60
417,1,80,60
417,2,120,20
417,3,120,40
417,4,120,20
418,1,120,70
418,2,120,70
418,3,120,20
418,4,120,60
419,1,80,30
419,2,120,20
419,3,120,30
419,4,120,20
420,1,80,90
420,2,80,40
420,3,80,30
420,4,80,90
421,1,120,40
421,2,120,90
421,3,80,50
421,4,80,20
422,1,120,70
422,2,80,60
422,3,120,90
422,4,80,30
423,1,120,50
423,2,80,50
423,3,80,90
423,4,120,70
424,1,120,40
424,2,120,30
424,3,120,50
424,4,120,50
425,1,80,40
425,2,80,30
425,3,120,20
425,4,80,40
426,1,120,70
426,2,120,70
426,3,80,90
426,4,120,90
427,1,80,70
427,2,80,20
427,3,120,90
427,4,80,30
428,1,80,50
428,2,80,40
428,3,120,90
428,4,80,30
429,1,80,20
429,2,120,90
429,3,120,30
429,4,80,20
430,1,80,30
430,2,80,40
430,3,80,90
430,4,80,20
431,1,80,40
431,2,120,90
431,3,80,30
431,4,120,60
432,1,120,60
432,2,120,50
432,3,80,70
432,4,120,30
433,1,120,90
433,2,120,60
433,3,120,90
433,4,80,90
434,1,120,30
434,2,80,20
434,3,80,20
434,4,80,60
435,1,80,20
435,2,120,60
435,3,80,20
435,4,120,40
436,1,80,50
436,2,80,30
436,3,120,70
436,4,80,60
437,1,80,50
437,2,80,30
437,3,120,90
437,4,120,70
438,1,80,70
438,2,120,50
438,3,80,90
438,4,80,20
439,1,120,40
439,2,120,90
439,3,120,40
439,4,80,30
440,1,80,70
440,2,80,70
440,3,80,20
440,4,120,30
441,1,80,30
441,2,80,30
441,3,80,60
441,4,120,70
442,1,80,30
442,2,120,40
442,3,80,60
442,4,80,70
443,1,80,30
443,2,120,30
443,3,80,20
443,4,120,30
444,1,80,50
444,2,120,90
444,3,120,40
444,4,120,70
445,1,120,20
445,2,80,90
445,3,80,60
445,4,120,30
446,1,120,60
446,2,120,70
446,3,80,70
446,4,120,40
447,1,120,20
447,2,80,40
447,3,120,30
447,4,80,50
448,1,120,50
448,2,120,20
448,3,80,60
448,4,120,70
449,1,80,50
449,2,80,30
449,3,120,20
449,4,80,20
450,1,120,30
450,2,80,20
450,3,120,40
450,4,80,40
451,1,80,50
451,2,120,50
451,3,120,30
451,4,80,50
452,1,120,20
452,2,120,40
452,3,80,50
452,4,120,90
453,1,80,30
453,2,80,30
453,3,120,70
453,4,120,30
454,1,120,20
454,2,80,90
454,3,80,90
454,4,80,50
455,1,120,70
455,2,80,20
455,3,120,60
455,4,120,30
456,1,120,30
456,2,80,90
456,3,120,40
456,4,80,60
457,1,80,30
457,2,120,60
457,3,120,40
457,4,120,70
458,1,80,20
458,2,80,70
458,3,120,20
458,4,120,70
459,1,120,50
459,2,120,90
459,3,120,70
459,4,80,40
460,1,80,50
460,2,80,90
460,3,80,50
460,4,120,70
461,1,120,40
461,2,80,20
461,3,120,40
461,4,80,60
462,1,80,50
462,2,120,70
462,3,120,70
462,4,120,40
463,1,120,40
463,2,120,60
463,3,120,40
463,4,120,90
464,1,80,70
464,2,120,50
464,3,120,20
464,4,80,70
465,1,80,40
465,2,120,50
465,3,120,30
465,4,120,30
466,1,120,40
466,2,80,50
466,3,120,40
466,4,120,30
467,1,120,20
467,2,120,20
467,3,120,30
467,4,120,70
468,1,80,20
468,2,120,40
468,3,80,30
468,4,120,70
469,1,120,40
469,2,80,90
469,3,120,70
469,4,80,40
470,1,80,70
470,2,80,90
470,3,120,30
470,4,120,40
471,1,80,20
471,2,120,90
471,3,120,70
471,4,80,30
472,1,120,50
472,2,120,90
472,3,120,40
472,4,80,40
473,1,120,50
473,2,120,40
473,3,120,60
473,4,120,40
474,1,80,70
474,2,80,20
474,3,80,90
474,4,120,20
475,1,80,30
475,2,80,20
475,3,80,30
475,4,120,90
476,1,80,20
476,2,80,50
476,3,120,70
476,4,120,30
477,1,80,50
477,2,80,20
477,3,80,90
477,4,120,60
478,1,120,60
478,2,120,90
478,3,120,90
478,4,120,90
479,1,120,70
479,2,120,30
479,3,80,70
479,4,80,40
480,1,120,20
480,2,120,70
480,3,80,60
480,4,80,90
481,1,120,40
481,2,120,70
481,3,80,40
481,4,120,70
482,1,80,50
482,2,120,20
482,3,120,70
482,4,80,60
483,1,120,30
483,2,120,20
483,3,120,40
483,4,80,60
484,1,80,90
484,2,120,60
484,3,80,70
484,4,80,40
485,1,120,60
485,2,80,70
485,3,80,50
485,4,120,40
486,1,80,90
486,2,80,90
486,3,120,90
486,4,120,30
487,1,120,70
487,2,120,30
487,3,120,60
487,4,80,30
488,1,80,20
488,2,80,20
488,3,80,90
488,4,120,50
489,1,120,50
489,2,120,50
489,3,120,70
489,4,120,60
490,1,120,60
490,2,120,20
490,3,80,70
490,4,120,50
491,1,80,20
491,2,120,60
491,3,120,40
491,4,120,50
492,1,120,40
492,2,80,30
492,3,120,90
492,4,80,60
493,1,80,40
493,2,120,70
493,3,80,90
493,4,80,30
494,1,120,90
494,2,80,70
494,3,120,70
494,4,120,90
495,1,80,50
495,2,80,30
495,3,80,50
495,4,120,40
496,1,80,20
496,2,120,70
496,3,80,50
496,4,80,60
497,1,80,30
497,2,80,40
497,3,120,70
497,4,80,40
498,1,120,70
498,2,120,20
498,3,80,50
498,4,80,20
499,1,120,20
499,2,120,90
499,3,120,20
499,4,80,20
500,1,80,50
500,2,120,40
500,3,80,60
500,4,80,90
501,1,120,50
501,2,120,70
501,3,120,90
501,4,80,70
502,1,120,50
502,2,120,40
502,3,120,70
502,4,120,30
503,1,80,90
503,2,120,70
503,3,80,90
503,4,80,90
504,1,80,20
504,2,80,50
504,3,80,50
504,4,80,20
505,1,80,20
505,2,120,20
505,3,120,60
505,4,120,20
506,1,80,90
506,2,120,70
506,3,80,50
506,4,120,50
507,1,80,50
507,2,80,30
507,3,80,60
507,4,120,20
508,1,80,60
508,2,120,50
508,3,120,70
508,4,120,40
509,1,80,90
509,2,120,90
509,3,120,90
509,4,120,30
510,1,120,50
510,2,120,40
510,3,80,40
510,4,120,40
511,1,120,60
511,2,80,60
511,3,120,20
511,4,120,40
512,1,120,60
512,2,80,30
512,3,80,40
512,4,80,50
513,1,80,90
513,2,80,70
513,3,80,20
513,4,120,50
514,1,120,60
514,2,120,90
514,3,120,30
514,4,80,60
515,1,120,50
515,2,80,60
515,3,80,30
515,4,120,70
516,1,80,60
516,2,120,40
516,3,80,90
516,4,80,50
517,1,80,20
517,2,80,40
517,3,120,30
517,4,80,60
518,1,80,70
518,2,80,20
518,3,80,90
518,4,120,60
519,1,120,90
519,2,120,50
519,3,80,70
519,4,80,50
520,1,120,90
520,2,120,60
520,3,80,60
520,4,80,60
521,1,80,60
521,2,120,70
521,3,80,40
521,4,120,40
522,1,120,30
522,2,80,70
522,3,80,20
522,4,120,90
523,1,80,60
523,2,80,20
523,3,80,30
523,4,120,70
524,1,120,70
524,2,120,30
524,3,80,70
524,4,80,60
525,1,80,90
525,2,120,50
525,3,120,50
525,4,120,90
526,1,80,20
526,2,80,70
526,3,120,90
526,4,80,90
527,1,80,30
527,2,120,50
527,3,80,70
527,4,120,40
528,1,80,50
528,2,80,40
528,3,120,50
528,4,120,20
529,1,80,50
529,2,120,70
529,3,120,50
529,4,80,40
530,1,80,50
530,2,120,30
530,3,120,90
530,4,80,20
531,1,120,30
531,2,80,60
531,3,80,30
531,4,120,20
532,1,120,60
532,2,120,20
532,3,120,30
532,4,120,30
533,1,120,60
533,2,120,60
533,3,80,50
533,4,80,20
534,1,120,60
534,2,120,30
534,3,80,60
534,4,80,30
535,1,120,60
535,2,120,50
535,3,120,70
535,4,80,50
536,1,80,90
536,2,120,50
536,3,120,50
536,4,120,30
537,1,120,90
537,2,80,50
537,3,80,50
537,4,80,30
538,1,80,60
538,2,80,60
538,3,80,50
538,4,120,60
539,1,80,20
539,2,80,20
539,3,80,60
539,4,120,60
540,1,120,50
540,2,120,70
540,3,120,20
540,4,80,60
541,1,80,30
541,2,120,90
541,3,80,20
541,4,80,40
542,1,120,60
542,2,80,60
542,3,120,40
542,4,80,20
543,1,80,40
543,2,80,90
543,3,120,20
543,4,120,60
544,1,120,90
544,2,80,70
544,3,120,50
544,4,120,50
545,1,80,70
545,2,80,30
545,3,80,70
545,4,80,50
546,1,80,40
546,2,120,50
546,3,120,90
546,4,80,40
547,1,80,40
547,2,120,90
547,3,120,30
547,4,80,50
548,1,120,90
548,2,80,70
548,3,120,30
548,4,80,30
549,1,80,70
549,2,120,30
549,3,80,60
549,4,80,70
550,1,120,20
550,2,120,70
550,3,120,90
550,4,80,90
551,1,80,60
551,2,120,60
551,3,120,60
551,4,120,70
552,1,120,40
552,2,120,40
552,3,80,60
552,4,120,30
553,1,80,20
553,2,120,90
553,3,80,90
553,4,80,30
554,1,80,40
554,2,80,30
554,3,120,60
554,4,80,50
555,1,120,60
555,2,120,30
555,3,80,60
555,4,120,60
556,1,80,50
556,2,120,30
556,3,120,20
556,4,120,60
557,1,80,40
557,2,80,40
557,3,80,30
557,4,80,70
558,1,120,40
558,2,120,60
558,3,80,50
558,4,120,30
559,1,80,50
559,2,80,70
559,3,80,50
559,4,120,20
560,1,80,50
560,2,80,90
560,3,120,40
560,4,120,90
561,1,80,70
561,2,120,50
561,3,120,40
561,4,120,90
562,1,80,60
562,2,120,40
562,3,80,40
562,4,120,50
563,1,120,50
563,2,120,70
563,3,80,40
563,4,80,40
564,1,120,40
564,2,120,40
564,3,120,60
564,4,120,50
565,1,80,30
565,2,120,60
565,3,120,70
565,4,120,30
566,1,120,30
566,2,80,70
566,3,80,40
566,4,120,90
567,1,80,60
567,2,80,70
567,3,80,50
567,4,80,40
568,1,120,40
568,2,80,70
568,3,120,50
568,4,80,60
569,1,120,90
569,2,120,60
569,3,80,70
569,4,80,20
570,1,120,40
570,2,80,70
570,3,120,40
570,4,80,40
571,1,120,60
571,2,120,60
571,3,120,20
571,4,120,50
572,1,80,30
572,2,80,40
572,3,120,60
572,4,80,60
573,1,120,60
573,2,80,70
573,3,120,20
573,4,80,20
574,1,80,30
574,2,80,90
574,3,80,20
574,4,80,40
575,1,80,70
575,2,80,90
575,3,80,70
575,4,120,20
576,1,120,90
576,2,120,60
576,3,120,50
576,4,120,30
577,1,120,40
577,2,80,70
577,3,80,60
577,4,120,60
578,1,80,90
578,2,80,20
578,3,120,70
578,4,80,30
579,1,80,50
579,2,80,90
579,3,120,70
579,4,120,60
580,1,80,50
580,2,80,40
580,3,120,50
580,4,80,50
581,1,80,70
581,2,120,90
581,3,120,70
581,4,120,50
582,1,80,50
582,2,120,90
582,3,80,40
582,4,80,60
583,1,80,30
583,2,120,50
583,3,120,60
583,4,120,90
584,1,120,50
584,2,120,40
584,3,120,60
584,4,120,30
585,1,80,60
585,2,80,40
585,3,120,50
585,4,120,60
586,1,120,90
586,2,120,50
586,3,120,90
586,4,80,40
587,1,120,50
587,2,120,40
587,3,80,40
587,4,120,40
588,1,80,20
588,2,120,70
588,3,120,90
588,4,120,60
589,1,120,60
589,2,80,40
589,3,120,60
589,4,120,20
590,1,120,50
590,2,120,90
590,3,80,70
590,4,120,90
591,1,80,90
591,2,120,90
591,3,120,30
591,4,120,30
592,1,80,70
592,2,120,20
592,3,120,60
592,4,120,20
593,1,80,20
593,2,120,60
593,3,120,40
593,4,120,90
594,1,80,70
594,2,120,90
594,3,80,20
594,4,120,50
595,1,120,90
595,2,120,30
595,3,80,60
595,4,120,50
596,1,120,70
596,2,80,70
596,3,120,70
596,4,120,90
597,1,80,90
597,2,120,40
597,3,80,60
597,4,120,30
598,1,80,20
598,2,120,40
598,3,80,20
598,4,80,70
599,1,120,60
599,2,80,90
599,3,120,50
599,4,120,40
600,1,80,40
600,2,120,60
600,3,120,30
600,4,120,30
601,1,120,90
601,2,80,20
601,3,120,70
601,4,120,50
602,1,80,20
602,2,80,40
602,3,120,70
602,4,80,40
603,1,80,40
603,2,120,60
603,3,80,20
603,4,120,50
604,1,120,20
604,2,80,60
604,3,80,50
604,4,80,40
605,1,120,20
605,2,80,30
605,3,80,70
605,4,120,60
606,1,80,70
606,2,80,60
606,3,120,40
606,4,80,90
607,1,120,30
607,2,80,20
607,3,120,60
607,4,80,20
608,1,80,50
608,2,80,60
608,3,80,90
608,4,80,70
609,1,80,90
609,2,120,40
609,3,80,20
609,4,120,40
610,1,80,40
610,2,120,70
610,3,80,50
610,4,120,60
611,1,120,70
611,2,80,50
611,3,80,90
611,4,120,50
612,1,80,20
612,2,80,70
612,3,80,70
612,4,120,50
613,1,120,30
613,2,80,90
613,3,80,50
613,4,120,70
614,1,80,70
614,2,80,40
614,3,120,40
614,4,80,70
615,1,120,40
615,2,120,40
615,3,120,60
615,4,120,60
616,1,80,20
616,2,80,60
616,3,80,40
616,4,80,40
617,1,120,90
617,2,80,30
617,3,120,60
617,4,120,50
618,1,120,60
618,2,80,90
618,3,120,40
618,4,80,20
619,1,120,20
619,2,120,40
619,3,80,20
619,4,80,50
620,1,80,30
620,2,80,60
620,3,80,90
620,4,120,60
621,1,120,60
621,2,120,50
621,3,80,40
621,4,80,60
622,1,120,50
622,2,80,30
622,3,80,40
622,4,80,90
623,1,80,20
623,2,80,20
623,3,120,50
623,4,80,70
624,1,80,70
624,2,80,60
624,3,80,60
624,4,120,30
625,1,80,50
625,2,120,60
625,3,120,90
625,4,80,70
626,1,120,20
626,2,120,40
626,3,80,40
626,4,80,60
627,1,80,60
627,2,120,90
627,3,80,40
627,4,120,60
628,1,80,50
628,2,80,20
628,3,120,60
628,4,80,20
629,1,80,30
629,2,80,40
629,3,80,90
629,4,80,90
630,1,80,30
630,2,80,40
630,3,80,40
630,4,80,60
631,1,80,70
631,2,80,40
631,3,120,30
631,4,120,30
632,1,120,20
632,2,120,20
632,3,120,30
632,4,80,50
633,1,120,50
633,2,120,60
633,3,120,30
633,4,120,20
634,1,120,90
634,2,80,70
634,3,80,30
634,4,80,70
635,1,80,90
635,2,80,60
635,3,80,50
635,4,120,70
636,1,120,20
636,2,120,50
636,3,120,50
636,4,120,20
637,1,80,30
637,2,120,40
637,3,80,90
637,4,120,60
638,1,120,90
638,2,120,30
638,3,80,60
638,4,80,40
639,1,120,20
639,2,80,70
639,3,80,30
639,4,80,20
640,1,120,70
640,2,120,90
640,3,120,50
640,4,120,60
641,1,120,20
641,2,120,50
641,3,80,30
641,4,120,50
642,1,120,70
642,2,120,40
642,3,80,60
642,4,80,60
643,1,80,90
643,2,80,30
643,3,80,30
643,4,80,30
644,1,120,30
644,2,80,70
644,3,80,70
644,4,120,30
645,1,120,30
645,2,120,20
645,3,80,90
645,4,80,50
646,1,120,90
646,2,80,90
646,3,120,30
646,4,80,70
647,1,120,90
647,2,120,60
647,3,120,40
647,4,120,70
648,1,80,40
648,2,80,90
648,3,80,30
648,4,80,20
649,1,80,60
649,2,80,50
649,3,80,70
649,4,80,50
650,1,80,60
650,2,120,40
650,3,120,20
650,4,80,30
651,1,80,50
651,2,80,70
651,3,80,40
651,4,80,70
652,1,80,40
652,2,80,90
652,3,120,20
652,4,120,30
653,1,120,20
653,2,120,50
653,3,120,70
653,4,120,30
654,1,120,20
654,2,120,30
654,3,80,30
654,4,120,40
655,1,120,60
655,2,80,70
655,3,80,60
655,4,80,20
656,1,120,40
656,2,120,70
656,3,120,20
656,4,120,50
657,1,120,30
657,2,120,20
657,3,120,30
657,4,120,70
658,1,80,50
658,2,80,60
658,3,80,30
658,4,80,20
659,1,120,60
659,2,80,50
659,3,120,60
659,4,80,20
660,1,80,30
660,2,80,30
660,3,80,30
660,4,80,50
661,1,80,70
661,2,80,90
661,3,120,50
661,4,120,60
662,1,80,50
662,2,120,50
662,3,120,90
662,4,120,40
663,1,120,40
663,2,120,40
663,3,80,40
663,4,80,60
664,1,80,20
664,2,120,40
664,3,80,20
664,4,120,20
665,1,120,90
665,2,120,60
665,3,120,70
665,4,80,60
666,1,80,60
666,2,80,50
666,3,80,30
666,4,80,30
667,1,120,60
667,2,120,60
667,3,80,90
667,4,120,40
668,1,80,70
668,2,80,20
668,3,80,40
668,4,120,60
669,1,120,90
669,2,120,70
669,3,120,70
669,4,120,40
670,1,80,60
670,2,120,60
670,3,80,40
670,4,120,30
671,1,80,30
671,2,80,20
671,3,120,40
671,4,120,30
672,1,80,70
672,2,120,50
672,3,120,50
672,4,120,60
673,1,120,70
673,2,120,90
673,3,80,40
673,4,80,60
674,1,80,30
674,2,120,40
674,3,80,90
674,4,120,50
675,1,120,30
675,2,120,40
675,3,120,20
675,4,80,30
676,1,120,20
676,2,120,70
676,3,120,70
676,4,120,50
677,1,120,40
677,2,120,60
677,3,120,90
677,4,120,70
678,1,120,90
678,2,120,30
678,3,80,50
678,4,120,90
679,1,80,90
679,2,80,60
679,3,80,70
679,4,120,90
680,1,120,20
680,2,120,30
680,3,80,70
680,4,80,40
681,1,80,30
681,2,80,20
681,3,80,60
681,4,120,40
682,1,120,70
682,2,80,90
682,3,120,60
682,4,120,50
683,1,120,60
683,2,80,50
683,3,120,70
683,4,80,30
684,1,120,20
684,2,120,90
684,3,120,70
684,4,80,90
685,1,120,20
685,2,120,90
685,3,80,60
685,4,80,90
686,1,80,50
686,2,120,70
686,3,120,30
686,4,80,60
687,1,80,90
687,2,80,20
687,3,120,50
687,4,120,50
688,1,80,60
688,2,80,20
688,3,120,70
688,4,120,90
689,1,80,70
689,2,120,40
689,3,120,40
689,4,80,90
690,1,80,70
690,2,120,30
690,3,120,20
690,4,80,50
691,1,80,50
691,2,120,30
691,3,80,40
691,4,80,60
692,1,80,20
692,2,80,90
692,3,120,40
692,4,120,30
693,1,80,70
693,2,80,70
693,3,80,50
693,4,120,50
694,1,80,20
694,2,80,50
694,3,80,60
694,4,120,50
695,1,120,60
695,2,80,90
695,3,80,40
695,4,80,30
696,1,80,70
696,2,120,60
696,3,80,50
696,4,120,90
697,1,120,90
697,2,80,20
697,3,120,40
697,4,120,70
698,1,120,20
698,2,120,20
698,3,120,60
698,4,80,70
699,1,120,70
699,2,80,50
699,3,80,40
699,4,120,50
700,1,120,30
700,2,80,20
700,3,80,40
700,4,120,50
701,1,80,20
701,2,80,40
701,3,80,20
701,4,120,70
702,1,120,30
702,2,80,30
702,3,120,30
702,4,80,30
703,1,120,40
703,2,80,70
703,3,120,60
703,4,80,70
704,1,80,60
704,2,80,90
704,3,80,20
704,4,80,20
705,1,120,50
705,2,120,50
705,3,120,30
705,4,120,40
706,1,120,40
706,2,80,60
706,3,80,60
706,4,120,40
707,1,120,60
707,2,120,30
707,3,80,40
707,4,120,70
708,1,120,60
708,2,80,60
708,3,80,50
708,4,80,60
709,1,120,40
709,2,80,60
709,3,120,40
709,4,80,30
710,1,120,70
710,2,120,40
710,3,120,60
710,4,80,40
711,1,80,50
711,2,120,60
711,3,80,60
711,4,80,90
712,1,80,30
712,2,80,60
712,3,120,70
712,4,80,70
713,1,120,90
713,2,120,30
713,3,120,50
713,4,120,70
714,1,120,70
714,2,80,90
714,3,120,50
714,4,120,40
715,1,80,60
715,2,80,30
715,3,120,40
715,4,80,20
716,1,120,50
716,2,80,20
716,3,80,90
716,4,80,50
717,1,120,50
717,2,80,20
717,3,120,40
717,4,120,60
718,1,120,40
718,2,120,70
718,3,120,90
718,4,120,50
719,1,120,30
719,2,120,70
719,3,80,60
719,4,120,60
720,1,120,30
720,2,80,30
720,3,120,20
720,4,120,50
721,1,80,90
721,2,80,30
721,3,80,30
721,4,80,40
722,1,120,70
722,2,120,20
722,3,80,40
722,4,80,50
723,1,120,40
723,2,80,20
723,3,80,50
723,4,80,40
724,1,80,40
724,2,120,50
724,3,120,40
724,4,80,20
725,1,120,70
725,2,80,90
725,3,80,50
725,4,80,40
726,1,120,60
726,2,80,20
726,3,80,40
726,4,120,40
727,1,80,50
727,2,80,70
727,3,120,60
727,4,120,40
728,1,80,60
728,2,80,30
728,3,80,40
728,4,80,70
729,1,120,20
729,2,120,60
729,3,120,60
729,4,80,60
730,1,120,40
730,2,120,90
730,3,120,20
730,4,80,90
731,1,120,90
731,2,120,60
731,3,80,70
731,4,80,40
732,1,120,30
732,2,120,30
732,3,80,90
732,4,120,40
733,1,120,70
733,2,80,40
733,3,80,60
733,4,80,50
734,1,80,70
734,2,120,30
734,3,80,40
734,4,80,30
735,1,120,30
735,2,120,70
735,3,120,90
735,4,80,70
736,1,80,20
736,2,120,40
736,3,80,50
736,4,120,90
737,1,80,70
737,2,120,50
737,3,80,50
737,4,120,60
738,1,120,40
738,2,80,50
738,3,80,60
738,4,120,60
739,1,120,60
739,2,120,60
739,3,120,20
739,4,120,40
740,1,120,30
740,2,120,20
740,3,80,60
740,4,120,60
741,1,120,20
741,2,80,40
741,3,80,20
741,4,80,70
742,1,120,30
742,2,120,70
742,3,80,90
742,4,80,90
743,1,120,40
743,2,120,40
743,3,120,30
743,4,80,90
744,1,80,70
744,2,120,70
744,3,80,30
744,4,120,70
745,1,120,50
745,2,80,70
745,3,120,40
745,4,80,40
746,1,80,20
746,2,80,30
746,3,80,60
746,4,80,60
747,1,120,20
747,2,120,70
747,3,120,90
747,4,120,40
748,1,80,40
748,2,120,40
748,3,120,70
748,4,80,20
749,1,120,90
749,2,120,50
749,3,120,30
749,4,80,70
750,1,120,50
750,2,120,70
750,3,80,90
750,4,120,60
