score id,range id,end number,a1,a2,a3,a4,a5,a6
1,1,1,6,5,9,6,9,8
1,1,2,6,10,2,7,2,3
1,1,3,7,4,5,5,3,7
1,1,4,10,4,5,4,6,2
1,1,5,6,9,7,3,7,3
1,1,6,10,10,9,2,6,2
1,2,1,7,1,1,3,8,8
1,2,2,8,3,8,8,8,9
1,2,3,4,1,5,6,4,2
1,2,4,1,7,5,5,3,1
1,2,5,4,8,10,9,4,4
1,2,6,4,6,9,5,5,2
1,3,1,1,10,1,6,6,6
1,3,2,1,2,4,7,4,2
1,3,3,3,4,1,9,4,2
1,3,4,5,3,7,6,6,5
1,3,5,5,4,4,6,7,6
1,3,6,1,8,1,6,4,6
1,4,1,7,10,5,8,8,4
1,4,2,3,10,2,6,2,3
1,4,3,10,2,1,10,10,4
1,4,4,7,7,2,5,2,5
1,4,5,2,5,3,2,7,1
1,4,6,6,9,9,7,9,1
2,1,1,3,8,9,3,9,9
2,1,2,5,9,10,10,5,5
2,1,3,7,5,5,5,9,7
2,1,4,5,9,7,4,6,6
2,1,5,6,3,2,10,7,8
2,1,6,7,4,4,9,10,8
2,2,1,5,8,6,3,9,2
2,2,2,5,10,8,6,8,9
2,2,3,6,8,4,1,4,5
2,2,4,7,3,1,7,10,9
2,2,5,5,6,8,6,4,7
2,2,6,7,10,9,5,1,4
2,3,1,8,5,8,10,9,1
2,3,2,4,2,10,3,2,6
2,3,3,9,7,5,2,3,3
2,3,4,7,9,3,8,7,7
2,3,5,6,4,7,9,9,2
2,3,6,1,2,7,3,3,6
2,4,1,7,8,4,4,7,4
2,4,2,6,5,2,1,1,2
2,4,3,2,5,4,7,6,9
2,4,4,3,2,10,3,7,6
2,4,5,8,8,4,8,7,1
2,4,6,8,8,9,9,10,3
3,1,1,4,1,5,8,4,9
3,1,2,1,4,4,10,6,10
3,1,3,5,4,8,9,5,3
3,1,4,5,2,1,10,9,1
3,1,5,9,10,10,4,8,1
3,1,6,3,7,2,4,5,8
3,2,1,10,5,8,10,6,6
3,2,2,8,5,10,8,7,8
3,2,3,9,7,4,5,2,3
3,2,4,10,2,7,1,9,10
3,2,5,7,3,10,8,2,2
3,2,6,4,4,5,4,2,6
3,3,1,2,6,5,8,5,1
3,3,2,8,2,1,1,5,4
3,3,3,4,10,5,10,2,3
3,3,4,5,1,9,8,6,8
3,3,5,8,1,5,9,7,7
3,3,6,4,7,10,9,10,5
3,4,1,10,7,8,2,5,7
3,4,2,10,2,1,2,1,5
3,4,3,9,6,6,9,5,4
3,4,4,9,1,9,2,8,6
3,4,5,7,3,3,9,7,6
3,4,6,7,6,6,1,3,6
4,1,1,8,9,7,9,10,7
4,1,2,1,10,7,4,10,4
4,1,3,1,10,1,6,2,7
4,1,4,9,3,2,1,1,7
4,1,5,9,1,10,1,6,8
4,1,6,10,7,4,8,3,6
4,2,1,4,6,10,2,4,9
4,2,2,3,7,8,10,9,9
4,2,3,4,3,5,7,6,8
4,2,4,8,1,7,1,8,8
4,2,5,2,7,10,9,3,2
4,2,6,5,6,4,4,9,10
4,3,1,10,3,7,3,5,5
4,3,2,3,4,3,2,3,2
4,3,3,4,9,6,4,7,8
4,3,4,6,8,7,1,8,8
4,3,5,7,3,7,6,7,6
4,3,6,8,5,1,1,5,7
4,4,1,6,7,8,7,3,5
4,4,2,7,3,10,6,1,9
4,4,3,2,8,7,9,7,2
4,4,4,10,6,7,10,9,4
4,4,5,10,8,1,4,1,3
4,4,6,6,10,9,3,10,4
5,1,1,2,6,5,5,9,2
5,1,2,10,4,5,1,6,9
5,1,3,10,4,9,5,10,3
5,1,4,6,1,8,6,10,2
5,1,5,7,5,5,1,8,1
5,1,6,1,3,5,10,7,8
5,2,1,6,2,9,1,3,9
5,2,2,9,3,8,4,3,8
5,2,3,2,5,3,10,1,2
5,2,4,9,7,2,5,1,9
5,2,5,8,6,4,10,7,7
5,2,6,4,2,9,2,3,6
5,3,1,6,1,7,4,10,2
5,3,2,2,4,10,10,6,4
5,3,3,1,7,9,3,4,2
5,3,4,5,3,5,8,10,8
5,3,5,6,9,7,1,6,3
5,3,6,10,3,6,1,4,2
5,4,1,6,7,8,10,6,10
5,4,2,4,9,2,3,4,5
5,4,3,10,5,8,8,5,10
5,4,4,4,1,6,7,7,6
5,4,5,8,4,6,4,1,8
5,4,6,8,1,5,1,1,3
6,1,1,2,2,10,7,4,8
6,1,2,2,1,2,10,4,4
6,1,3,4,5,10,10,10,3
6,1,4,1,6,6,10,5,9
6,1,5,10,1,3,9,6,5
6,1,6,10,1,7,5,1,4
6,2,1,2,10,6,3,2,8
6,2,2,10,10,9,4,10,8
6,2,3,1,3,3,2,6,1
6,2,4,5,3,4,3,6,6
6,2,5,8,10,6,3,7,2
6,2,6,8,1,10,6,10,3
6,3,1,6,6,4,1,9,3
6,3,2,7,9,8,5,3,5
6,3,3,3,1,4,6,8,4
6,3,4,6,9,5,4,4,5
6,3,5,3,1,5,10,4,4
6,3,6,5,7,10,10,3,6
6,4,1,9,7,9,4,3,4
6,4,2,1,2,3,6,10,9
6,4,3,1,9,5,2,8,10
6,4,4,8,10,10,9,7,2
6,4,5,6,7,2,4,6,7
6,4,6,8,6,2,5,8,8
7,1,1,8,6,2,6,9,8
7,1,2,7,4,9,6,5,7
7,1,3,2,4,9,6,2,2
7,1,4,2,6,2,8,1,9
7,1,5,4,8,8,6,3,8
7,1,6,7,4,6,4,7,9
7,2,1,8,6,8,2,1,2
7,2,2,4,9,7,6,8,10
7,2,3,9,2,7,3,5,8
7,2,4,2,9,1,4,3,2
7,2,5,7,1,3,3,7,7
7,2,6,10,1,1,8,6,10
7,3,1,5,8,6,7,2,5
7,3,2,6,3,1,5,5,9
7,3,3,2,1,7,4,6,5
7,3,4,8,10,4,7,2,2
7,3,5,8,5,8,5,6,2
7,3,6,3,6,6,3,5,5
7,4,1,2,7,6,7,1,5
7,4,2,8,9,8,4,1,8
7,4,3,8,8,3,1,3,9
7,4,4,6,4,7,8,10,9
7,4,5,8,10,4,4,1,6
7,4,6,10,6,8,3,2,8
8,1,1,7,8,10,9,1,2
8,1,2,2,6,10,8,4,2
8,1,3,4,5,3,8,5,6
8,1,4,6,3,3,2,1,5
8,1,5,1,7,7,8,4,7
8,1,6,3,4,1,10,2,2
8,2,1,7,2,1,6,5,1
8,2,2,2,8,4,8,1,9
8,2,3,3,3,6,10,6,6
8,2,4,10,7,6,4,10,6
8,2,5,1,9,4,1,9,9
8,2,6,6,6,6,9,6,8
8,3,1,6,5,7,1,9,10
8,3,2,3,1,1,4,1,7
8,3,3,1,6,9,4,6,8
8,3,4,9,9,1,10,6,4
8,3,5,1,4,1,7,3,10
8,3,6,2,9,3,8,10,8
8,4,1,8,6,8,5,2,4
8,4,2,10,5,8,3,3,2
8,4,3,4,7,2,5,1,1
8,4,4,5,6,3,2,6,7
8,4,5,4,6,10,2,7,10
8,4,6,5,8,7,4,3,8
9,1,1,8,5,10,6,5,7
9,1,2,7,7,9,7,3,8
9,1,3,6,10,1,4,9,6
9,1,4,2,6,10,10,4,5
9,1,5,3,7,9,2,9,1
9,1,6,4,2,1,2,2,9
9,2,1,1,7,2,2,6,6
9,2,2,3,10,6,2,10,9
9,2,3,4,5,10,3,5,5
9,2,4,9,8,10,4,8,5
9,2,5,4,7,9,9,1,2
9,2,6,1,5,6,1,8,8
9,3,1,6,1,4,2,2,6
9,3,2,9,6,10,3,3,1
9,3,3,6,6,4,8,4,1
9,3,4,6,1,10,6,2,6
9,3,5,1,6,7,9,7,6
9,3,6,1,9,3,5,5,6
9,4,1,4,3,10,2,4,7
9,4,2,1,10,4,6,5,4
9,4,3,2,2,5,5,6,5
9,4,4,5,10,5,10,9,2
9,4,5,4,6,9,9,6,1
9,4,6,7,4,3,2,7,6
10,1,1,5,3,7,6,10,4
10,1,2,4,10,9,8,7,2
10,1,3,8,3,4,5,2,4
10,1,4,10,9,8,1,10,3
10,1,5,9,3,9,2,7,7
10,1,6,3,1,3,10,5,2
10,2,1,9,6,1,4,7,9
10,2,2,2,2,5,4,8,8
10,2,3,4,8,2,9,4,8
10,2,4,7,8,2,6,3,3
10,2,5,6,1,5,5,1,6
10,2,6,9,9,6,2,9,6
10,3,1,2,4,10,3,3,5
10,3,2,1,2,3,7,4,4
10,3,3,10,7,10,5,2,4
10,3,4,1,3,8,2,10,8
10,3,5,10,4,6,4,5,2
10,3,6,8,8,6,2,8,7
10,4,1,8,10,10,3,4,5
10,4,2,5,2,9,5,7,3
10,4,3,9,3,9,4,2,7
10,4,4,9,10,3,10,3,1
10,4,5,7,3,3,7,1,2
10,4,6,8,5,1,5,3,4
11,1,1,5,2,8,4,7,3
11,1,2,1,5,8,6,6,8
11,1,3,1,1,7,3,1,9
11,1,4,3,3,8,5,1,1
11,1,5,2,8,7,1,7,3
11,1,6,5,3,2,7,7,7
11,2,1,6,5,2,10,5,2
11,2,2,2,8,7,7,10,3
11,2,3,8,7,1,8,7,7
11,2,4,6,7,1,3,1,5
11,2,5,8,5,1,1,4,9
11,2,6,9,3,10,4,7,7
11,3,1,7,3,4,5,1,10
11,3,2,7,1,6,7,1,6
11,3,3,1,5,8,4,4,1
11,3,4,1,8,9,5,8,4
11,3,5,7,3,3,10,2,8
11,3,6,4,4,10,8,3,6
11,4,1,4,1,3,5,1,2
11,4,2,10,6,10,6,3,7
11,4,3,3,5,7,1,8,5
11,4,4,3,3,3,1,6,3
11,4,5,6,7,3,9,6,6
11,4,6,5,9,4,9,7,5
12,1,1,1,10,2,7,3,10
12,1,2,5,4,1,10,8,1
12,1,3,4,1,1,6,7,9
12,1,4,8,2,9,2,10,1
12,1,5,4,8,2,2,6,3
12,1,6,1,9,5,10,9,2
12,2,1,6,10,4,1,6,1
12,2,2,9,3,8,2,10,6
12,2,3,6,8,10,2,8,1
12,2,4,9,8,1,2,3,5
12,2,5,10,4,9,1,8,7
12,2,6,10,10,3,8,2,2
12,3,1,8,6,10,4,6,8
12,3,2,7,7,3,4,10,8
12,3,3,7,3,4,8,6,7
12,3,4,9,3,1,8,6,4
12,3,5,2,8,8,8,7,3
12,3,6,2,8,5,10,9,10
12,4,1,9,2,10,8,2,10
12,4,2,6,2,10,9,6,1
12,4,3,9,6,6,1,4,10
12,4,4,10,10,6,7,4,7
12,4,5,3,4,9,3,5,10
12,4,6,1,5,4,9,8,2
13,1,1,6,4,1,4,1,1
13,1,2,1,6,5,7,9,4
13,1,3,2,7,2,7,6,10
13,1,4,8,5,5,1,5,2
13,1,5,2,3,4,5,6,10
13,1,6,10,1,1,10,4,3
13,2,1,1,2,7,3,1,6
13,2,2,8,2,5,1,1,6
13,2,3,5,2,5,7,3,7
13,2,4,5,8,4,8,5,4
13,2,5,8,7,5,9,4,10
13,2,6,10,2,1,6,10,5
13,3,1,5,1,9,4,10,7
13,3,2,7,4,10,1,7,5
13,3,3,1,3,1,8,9,6
13,3,4,10,4,8,9,9,5
13,3,5,9,6,9,1,2,10
13,3,6,10,3,4,1,9,7
13,4,1,2,7,10,10,3,6
13,4,2,4,8,9,9,8,6
13,4,3,4,10,10,4,5,4
13,4,4,2,8,8,2,5,8
13,4,5,8,9,10,1,4,8
13,4,6,9,2,8,9,1,7
14,1,1,7,7,3,6,1,4
14,1,2,10,9,3,5,2,10
14,1,3,10,10,8,2,10,2
14,1,4,4,10,2,7,8,7
14,1,5,6,3,1,8,7,7
14,1,6,8,3,3,1,1,1
14,2,1,10,3,8,1,6,5
14,2,2,6,9,7,5,7,10
14,2,3,3,9,4,10,2,8
14,2,4,10,4,3,7,7,5
14,2,5,9,10,4,10,10,9
14,2,6,2,5,10,6,5,4
14,3,1,8,2,8,5,6,6
14,3,2,3,7,3,1,6,5
14,3,3,6,3,7,1,10,7
14,3,4,6,10,2,7,6,8
14,3,5,1,8,8,10,6,2
14,3,6,9,1,9,4,4,3
14,4,1,4,10,7,8,1,1
14,4,2,3,3,6,7,3,7
14,4,3,8,1,6,3,8,2
14,4,4,9,3,10,2,8,3
14,4,5,5,3,1,4,1,1
14,4,6,10,3,8,5,9,1
15,1,1,7,8,3,8,3,9
15,1,2,8,3,1,5,8,3
15,1,3,9,4,4,2,6,8
15,1,4,8,8,1,8,3,3
15,1,5,7,1,6,2,10,4
15,1,6,4,1,3,3,6,9
15,2,1,3,10,4,4,9,3
15,2,2,10,5,7,8,6,4
15,2,3,3,4,5,4,8,1
15,2,4,3,1,9,9,9,5
15,2,5,5,2,7,10,2,7
15,2,6,8,9,9,8,5,8
15,3,1,7,4,5,10,6,3
15,3,2,10,2,8,10,3,9
15,3,3,3,6,4,9,7,9
15,3,4,6,1,2,2,9,6
15,3,5,2,2,7,2,7,5
15,3,6,4,5,4,3,1,1
15,4,1,10,4,2,5,2,9
15,4,2,4,10,5,4,4,5
15,4,3,5,4,1,7,5,3
15,4,4,4,5,5,5,2,1
15,4,5,9,6,7,7,4,8
15,4,6,1,6,8,6,7,2
16,1,1,7,10,1,2,5,10
16,1,2,1,6,6,9,3,5
16,1,3,1,8,4,7,7,3
16,1,4,2,9,8,6,5,6
16,1,5,5,10,8,5,6,1
16,1,6,5,7,7,10,5,2
16,2,1,2,3,1,9,4,5
16,2,2,1,8,10,6,1,5
16,2,3,8,1,1,9,1,1
16,2,4,8,4,4,1,10,9
16,2,5,1,6,6,10,8,4
16,2,6,1,10,8,9,9,9
16,3,1,7,2,5,2,10,7
16,3,2,9,1,3,5,6,9
16,3,3,8,10,8,1,1,3
16,3,4,4,10,10,2,9,2
16,3,5,3,9,1,10,10,2
16,3,6,9,8,8,3,6,1
16,4,1,3,5,6,7,7,8
16,4,2,8,1,8,2,8,9
16,4,3,1,8,10,2,1,8
16,4,4,1,3,8,1,10,9
16,4,5,1,8,7,1,2,1
16,4,6,10,9,3,6,9,2
17,1,1,8,8,6,7,5,3
17,1,2,1,9,8,4,8,2
17,1,3,1,10,7,2,4,5
17,1,4,7,10,5,6,3,8
17,1,5,4,1,7,1,2,6
17,1,6,6,9,2,2,2,4
17,2,1,7,10,8,2,7,9
17,2,2,10,3,10,1,9,4
17,2,3,10,3,1,2,2,1
17,2,4,9,10,3,2,5,7
17,2,5,2,3,9,1,1,5
17,2,6,8,9,8,1,1,6
17,3,1,2,1,8,5,10,4
17,3,2,4,8,2,10,6,2
17,3,3,6,7,4,10,4,9
17,3,4,8,6,1,1,10,4
17,3,5,6,5,9,10,10,1
17,3,6,5,6,9,7,3,1
17,4,1,2,10,8,7,1,3
17,4,2,7,10,3,4,4,8
17,4,3,8,3,6,9,1,8
17,4,4,5,5,7,3,1,8
17,4,5,8,4,1,7,3,1
17,4,6,5,6,10,1,4,1
18,1,1,6,9,5,5,8,7
18,1,2,1,8,10,9,4,10
18,1,3,10,3,7,4,9,3
18,1,4,2,4,8,3,10,4
18,1,5,5,3,6,10,6,1
18,1,6,4,2,1,5,10,5
18,2,1,7,3,7,3,8,3
18,2,2,10,10,3,7,5,8
18,2,3,10,6,6,4,7,5
18,2,4,3,7,5,6,2,9
18,2,5,10,6,7,10,10,3
18,2,6,2,7,8,5,9,8
18,3,1,9,5,7,5,9,5
18,3,2,5,8,1,3,1,7
18,3,3,3,2,10,2,2,5
18,3,4,5,7,7,8,7,8
18,3,5,8,2,4,9,2,7
18,3,6,2,2,1,2,9,2
18,4,1,2,4,2,1,5,4
18,4,2,6,5,6,3,1,5
18,4,3,7,1,1,6,9,9
18,4,4,1,9,8,4,9,1
18,4,5,2,5,10,5,3,6
18,4,6,10,10,6,4,6,3
19,1,1,7,8,1,8,10,9
19,1,2,6,5,7,7,7,6
19,1,3,5,6,2,4,8,8
19,1,4,8,8,5,1,5,4
19,1,5,10,1,9,6,4,1
19,1,6,2,3,2,6,4,9
19,2,1,3,9,4,8,9,10
19,2,2,5,9,4,10,3,3
19,2,3,4,9,8,6,7,9
19,2,4,4,7,7,9,6,10
19,2,5,2,5,2,3,2,8
19,2,6,1,3,10,6,4,7
19,3,1,1,6,6,9,4,4
19,3,2,5,10,7,6,3,6
19,3,3,5,2,1,3,7,3
19,3,4,3,6,10,1,1,2
19,3,5,6,9,5,2,1,7
19,3,6,10,6,1,6,9,1
19,4,1,6,3,1,7,2,7
19,4,2,3,9,9,3,9,1
19,4,3,1,10,5,7,10,7
19,4,4,3,7,4,6,10,9
19,4,5,1,8,3,2,6,5
19,4,6,4,4,1,10,3,5
20,1,1,1,9,6,10,9,2
20,1,2,6,7,5,1,4,4
20,1,3,8,8,6,2,3,5
20,1,4,9,10,9,7,2,2
20,1,5,9,8,2,6,10,5
20,1,6,5,5,2,3,10,10
20,2,1,1,9,5,5,9,4
20,2,2,7,2,1,2,7,5
20,2,3,5,5,1,5,6,9
20,2,4,6,3,10,3,10,2
20,2,5,4,10,9,3,2,5
20,2,6,7,8,9,10,1,6
20,3,1,8,8,4,5,10,2
20,3,2,8,3,4,4,10,7
20,3,3,7,5,10,6,1,5
20,3,4,9,10,10,8,5,2
20,3,5,2,4,9,5,2,1
20,3,6,9,5,1,3,5,10
20,4,1,2,3,9,7,4,4
20,4,2,1,1,2,3,4,4
20,4,3,5,10,9,7,7,5
20,4,4,2,6,10,9,1,4
20,4,5,3,3,8,4,3,9
20,4,6,9,2,6,10,3,10
21,1,1,2,9,9,9,2,10
21,1,2,7,1,5,4,4,3
21,1,3,1,9,10,1,10,5
21,1,4,4,10,5,10,9,5
21,1,5,4,10,1,6,2,9
21,1,6,2,9,8,3,7,6
21,2,1,10,9,1,7,9,10
21,2,2,5,4,7,1,7,3
21,2,3,7,9,3,6,6,7
21,2,4,4,2,2,1,8,10
21,2,5,4,8,3,6,8,9
21,2,6,3,6,7,9,3,10
21,3,1,9,3,6,5,10,2
21,3,2,7,2,9,2,5,5
21,3,3,5,2,5,8,8,10
21,3,4,2,7,10,9,4,4
21,3,5,4,4,5,6,6,2
21,3,6,6,10,10,5,9,1
21,4,1,4,1,4,4,10,5
21,4,2,4,6,6,5,9,3
21,4,3,5,4,2,1,2,10
21,4,4,1,1,9,9,5,6
21,4,5,4,3,4,3,1,2
21,4,6,8,10,5,1,3,10
22,1,1,6,8,9,9,7,2
22,1,2,5,2,5,9,10,7
22,1,3,2,6,5,3,5,10
22,1,4,7,1,7,8,2,3
22,1,5,4,8,3,7,4,10
22,1,6,3,1,1,3,2,4
22,2,1,8,8,8,10,1,1
22,2,2,5,4,7,8,1,10
22,2,3,3,8,6,2,4,6
22,2,4,3,6,4,4,6,5
22,2,5,9,8,8,10,10,6
22,2,6,10,4,1,5,2,8
22,3,1,8,3,8,8,2,4
22,3,2,6,3,10,3,5,4
22,3,3,4,9,8,7,8,2
22,3,4,10,5,6,1,9,1
22,3,5,6,7,4,5,6,9
22,3,6,6,5,6,6,9,1
22,4,1,6,6,7,6,1,2
22,4,2,8,6,2,6,9,8
22,4,3,5,7,3,8,10,9
22,4,4,10,4,7,6,5,7
22,4,5,5,6,6,8,7,4
22,4,6,1,10,9,9,2,8
23,1,1,8,7,3,3,1,1
23,1,2,8,9,6,9,1,4
23,1,3,6,5,5,8,3,1
23,1,4,1,7,4,1,9,10
23,1,5,10,8,2,4,3,3
23,1,6,9,3,6,8,6,9
23,2,1,5,3,2,9,5,7
23,2,2,5,10,10,7,9,1
23,2,3,1,1,9,6,9,6
23,2,4,2,3,6,5,4,5
23,2,5,5,7,2,9,2,7
23,2,6,10,2,7,9,10,8
23,3,1,1,5,8,7,8,4
23,3,2,10,5,8,3,10,8
23,3,3,3,4,1,2,4,2
23,3,4,9,7,9,2,10,3
23,3,5,1,7,3,9,4,4
23,3,6,10,2,2,9,6,1
23,4,1,5,2,1,1,4,10
23,4,2,6,10,10,3,6,4
23,4,3,5,5,2,1,6,2
23,4,4,1,8,6,8,6,3
23,4,5,7,9,10,10,3,3
23,4,6,3,8,2,3,2,9
24,1,1,4,2,5,2,3,8
24,1,2,6,5,10,2,2,2
24,1,3,7,6,1,6,5,6
24,1,4,6,3,6,10,4,3
24,1,5,2,2,7,4,6,8
24,1,6,1,10,10,3,2,3
24,2,1,2,7,5,8,5,5
24,2,2,7,3,4,3,4,2
24,2,3,9,4,5,4,10,10
24,2,4,7,3,3,2,8,6
24,2,5,8,4,9,3,6,3
24,2,6,4,10,7,7,9,5
24,3,1,2,7,8,3,9,6
24,3,2,4,9,3,9,8,7
24,3,3,2,3,9,9,1,10
24,3,4,10,1,4,7,3,10
24,3,5,8,8,9,1,9,5
24,3,6,10,6,3,10,6,2
24,4,1,2,5,9,6,5,10
24,4,2,2,1,8,1,3,6
24,4,3,6,10,8,3,8,8
24,4,4,1,3,4,4,8,9
24,4,5,3,9,1,6,8,10
24,4,6,8,7,1,4,3,7
25,1,1,2,10,6,1,4,6
25,1,2,3,8,2,5,4,5
25,1,3,3,5,4,4,5,10
25,1,4,9,4,6,6,5,1
25,1,5,6,9,5,3,2,6
25,1,6,9,6,2,6,5,5
25,2,1,7,1,9,8,6,8
25,2,2,8,5,7,9,2,4
25,2,3,9,7,8,7,5,8
25,2,4,4,8,3,8,2,2
25,2,5,3,5,9,7,2,5
25,2,6,3,9,8,10,4,6
25,3,1,8,9,5,10,5,4
25,3,2,10,1,6,6,9,9
25,3,3,2,4,1,10,4,6
25,3,4,10,10,10,9,9,6
25,3,5,10,2,5,5,3,4
25,3,6,7,6,2,6,6,4
25,4,1,6,5,9,8,9,3
25,4,2,4,1,8,10,4,5
25,4,3,2,1,3,2,5,8
25,4,4,2,1,6,2,2,6
25,4,5,1,3,9,9,9,8
25,4,6,4,9,10,10,10,2
26,1,1,10,10,9,5,5,8
26,1,2,8,2,5,3,4,2
26,1,3,6,3,1,1,9,3
26,1,4,3,7,3,1,4,6
26,1,5,2,8,6,8,4,1
26,1,6,4,2,4,10,9,5
26,2,1,10,8,4,6,10,7
26,2,2,1,2,6,9,9,10
26,2,3,3,10,2,10,3,3
26,2,4,8,7,6,2,9,4
26,2,5,8,3,5,10,5,5
26,2,6,3,8,5,7,8,5
26,3,1,9,8,10,7,7,10
26,3,2,4,2,9,4,8,7
26,3,3,5,5,1,5,4,3
26,3,4,10,8,5,3,2,10
26,3,5,2,6,1,2,5,5
26,3,6,10,1,7,2,9,6
26,4,1,2,4,1,10,6,3
26,4,2,5,5,6,10,8,1
26,4,3,3,4,1,6,3,5
26,4,4,2,5,10,3,7,6
26,4,5,6,6,7,3,3,4
26,4,6,4,10,1,10,6,3
27,1,1,2,4,6,3,5,9
27,1,2,1,9,9,7,9,9
27,1,3,9,4,8,9,2,2
27,1,4,5,9,9,6,4,5
27,1,5,3,3,1,10,5,1
27,1,6,6,7,6,2,9,6
27,2,1,10,7,9,9,9,4
27,2,2,6,10,4,6,4,3
27,2,3,1,2,6,4,2,3
27,2,4,9,4,3,10,1,8
27,2,5,5,1,7,3,10,5
27,2,6,10,6,2,2,4,7
27,3,1,6,6,5,3,3,2
27,3,2,5,4,2,7,8,9
27,3,3,6,1,5,6,8,8
27,3,4,5,4,10,6,9,10
27,3,5,9,1,6,7,8,7
27,3,6,3,9,3,7,10,6
27,4,1,3,5,2,5,5,5
27,4,2,6,3,5,6,4,6
27,4,3,9,1,2,3,1,5
27,4,4,8,4,9,8,7,9
27,4,5,1,5,6,4,4,8
27,4,6,9,1,9,3,1,3
28,1,1,5,2,5,10,4,9
28,1,2,3,10,5,9,3,9
28,1,3,6,6,1,7,2,3
28,1,4,1,3,7,8,2,10
28,1,5,6,7,5,10,6,4
28,1,6,3,8,7,2,10,8
28,2,1,4,5,2,3,10,3
28,2,2,4,7,4,4,8,6
28,2,3,5,6,1,2,10,10
28,2,4,10,5,7,2,1,8
28,2,5,5,3,8,8,5,1
28,2,6,9,5,6,6,5,3
28,3,1,7,4,10,7,5,10
28,3,2,10,7,1,7,8,3
28,3,3,10,6,1,5,1,9
28,3,4,10,4,1,4,7,8
28,3,5,4,3,9,10,1,4
28,3,6,6,3,6,2,10,6
28,4,1,9,2,2,2,3,3
28,4,2,1,9,2,8,2,10
28,4,3,5,6,5,1,9,9
28,4,4,6,9,9,2,8,4
28,4,5,10,4,7,2,5,8
28,4,6,7,3,7,3,6,2
29,1,1,7,8,4,9,1,5
29,1,2,5,3,7,8,8,5
29,1,3,2,3,6,7,9,7
29,1,4,8,7,5,8,2,5
29,1,5,3,2,1,7,3,3
29,1,6,1,1,1,2,9,7
29,2,1,8,5,9,8,2,6
29,2,2,8,8,5,5,10,10
29,2,3,4,1,4,10,1,4
29,2,4,10,2,5,5,7,3
29,2,5,10,7,10,7,7,7
29,2,6,6,4,8,9,5,7
29,3,1,2,3,10,5,10,6
29,3,2,10,7,1,4,4,3
29,3,3,4,10,2,4,10,1
29,3,4,7,10,7,1,7,9
29,3,5,9,5,4,9,7,3
29,3,6,3,3,8,3,4,3
29,4,1,1,4,4,3,7,3
29,4,2,7,8,6,7,1,6
29,4,3,4,7,7,9,2,4
29,4,4,3,4,8,7,6,1
29,4,5,9,5,3,4,4,10
29,4,6,1,1,9,3,8,7
30,1,1,10,2,7,4,8,8
30,1,2,6,9,2,3,9,7
30,1,3,10,3,10,1,1,10
30,1,4,1,6,6,5,1,4
30,1,5,4,1,6,6,1,8
30,1,6,10,2,8,9,10,9
30,2,1,7,9,7,4,7,5
30,2,2,6,9,1,2,9,8
30,2,3,8,7,8,1,2,5
30,2,4,1,5,6,9,5,7
30,2,5,1,1,6,7,1,4
30,2,6,7,6,5,7,3,6
30,3,1,2,2,1,9,6,10
30,3,2,8,4,1,4,1,6
30,3,3,4,9,5,7,10,10
30,3,4,1,4,9,9,4,1
30,3,5,4,7,3,7,7,6
30,3,6,9,8,6,6,5,10
30,4,1,5,10,3,1,7,10
30,4,2,9,1,9,5,8,10
30,4,3,1,4,8,6,2,6
30,4,4,6,4,5,1,1,1
30,4,5,8,5,6,7,6,6
30,4,6,10,9,1,5,3,4
31,1,1,9,4,8,10,2,1
31,1,2,5,4,5,1,4,3
31,1,3,1,1,9,1,2,5
31,1,4,6,7,8,8,1,8
31,1,5,2,6,10,2,10,1
31,1,6,1,4,4,6,6,6
31,2,1,8,3,3,7,9,5
31,2,2,9,3,6,6,9,9
31,2,3,3,4,8,5,2,6
31,2,4,1,5,6,10,1,4
31,2,5,2,3,6,4,7,10
31,2,6,10,5,5,4,6,10
31,3,1,3,4,2,3,7,1
31,3,2,8,10,3,10,7,10
31,3,3,9,10,8,4,3,4
31,3,4,4,5,10,1,3,6
31,3,5,7,4,7,10,1,6
31,3,6,4,8,9,9,6,10
31,4,1,5,1,8,7,9,4
31,4,2,7,3,7,4,6,2
31,4,3,4,8,3,3,4,1
31,4,4,1,3,7,5,5,5
31,4,5,1,8,8,4,2,3
31,4,6,9,10,1,9,2,3
32,1,1,7,5,2,10,9,10
32,1,2,6,6,5,1,7,3
32,1,3,5,3,3,2,10,2
32,1,4,5,8,3,5,9,2
32,1,5,2,2,3,1,1,4
32,1,6,7,5,10,2,10,10
32,2,1,10,3,4,4,6,9
32,2,2,4,10,4,9,7,3
32,2,3,8,10,1,6,3,2
32,2,4,6,5,10,4,7,7
32,2,5,10,1,6,5,7,4
32,2,6,6,4,6,6,8,6
32,3,1,5,9,3,4,9,5
32,3,2,1,8,7,1,4,1
32,3,3,1,10,4,6,10,4
32,3,4,1,2,8,6,1,1
32,3,5,3,3,2,8,9,9
32,3,6,3,2,5,9,1,6
32,4,1,1,8,8,9,9,5
32,4,2,4,10,1,9,5,2
32,4,3,2,10,7,10,4,1
32,4,4,8,6,6,2,10,6
32,4,5,8,1,7,4,5,8
32,4,6,2,8,9,1,1,10
33,1,1,1,2,2,2,3,5
33,1,2,8,3,3,2,2,10
33,1,3,3,9,9,5,1,4
33,1,4,9,9,5,4,6,10
33,1,5,7,2,8,7,8,6
33,1,6,3,5,4,10,8,8
33,2,1,9,3,3,9,1,3
33,2,2,8,2,9,7,6,10
33,2,3,2,8,8,2,5,8
33,2,4,10,8,6,6,3,2
33,2,5,10,6,7,6,1,6
33,2,6,7,5,7,6,7,10
33,3,1,9,2,9,6,10,2
33,3,2,9,8,1,8,6,3
33,3,3,1,5,3,10,5,8
33,3,4,1,4,8,10,10,1
33,3,5,9,9,4,10,6,9
33,3,6,7,1,5,2,6,9
33,4,1,6,10,7,7,5,2
33,4,2,9,1,10,1,9,1
33,4,3,5,5,4,7,2,8
33,4,4,3,8,6,5,2,3
33,4,5,1,9,1,10,2,8
33,4,6,3,5,7,10,8,9
34,1,1,3,5,4,4,9,8
34,1,2,8,4,3,5,5,1
34,1,3,7,5,1,8,5,4
34,1,4,2,10,2,10,7,2
34,1,5,3,7,9,8,8,7
34,1,6,9,5,4,5,1,1
34,2,1,2,1,9,1,1,4
34,2,2,9,5,8,8,10,7
34,2,3,5,3,3,6,3,8
34,2,4,9,8,1,9,6,5
34,2,5,3,5,1,1,9,1
34,2,6,1,4,7,3,9,10
34,3,1,2,2,6,9,9,5
34,3,2,3,10,3,8,10,6
34,3,3,5,9,8,7,2,3
34,3,4,2,5,5,9,6,10
34,3,5,1,9,5,1,7,3
34,3,6,1,9,9,7,2,10
34,4,1,3,8,6,5,9,4
34,4,2,7,3,1,2,3,3
34,4,3,10,1,7,10,8,6
34,4,4,4,8,10,8,2,2
34,4,5,2,8,1,10,6,8
34,4,6,7,9,3,6,4,2
35,1,1,4,10,6,10,6,4
35,1,2,9,4,4,9,5,5
35,1,3,7,10,8,8,5,4
35,1,4,8,5,6,2,9,6
35,1,5,9,5,7,3,7,9
35,1,6,8,5,8,10,6,4
35,2,1,8,10,1,6,4,8
35,2,2,7,1,7,1,7,1
35,2,3,5,6,8,5,7,2
35,2,4,9,4,1,2,8,1
35,2,5,5,8,9,6,7,6
35,2,6,2,10,4,3,5,6
35,3,1,6,2,8,10,5,7
35,3,2,10,3,10,1,3,8
35,3,3,9,6,9,5,10,8
35,3,4,2,7,4,6,3,5
35,3,5,10,7,3,4,4,9
35,3,6,7,7,4,5,9,1
35,4,1,9,6,7,1,1,5
35,4,2,1,8,4,3,8,9
35,4,3,2,7,8,1,1,1
35,4,4,7,2,6,2,3,9
35,4,5,9,7,3,7,1,2
35,4,6,4,7,8,8,4,2
36,1,1,4,1,6,3,2,6
36,1,2,10,2,7,8,1,4
36,1,3,7,8,5,8,10,10
36,1,4,3,5,8,3,10,7
36,1,5,4,4,1,4,9,10
36,1,6,7,5,6,10,1,5
36,2,1,7,1,6,8,8,6
36,2,2,4,2,9,3,8,4
36,2,3,5,5,6,10,7,3
36,2,4,5,10,8,7,2,4
36,2,5,8,2,6,3,2,3
36,2,6,9,1,8,5,4,3
36,3,1,5,4,2,7,3,7
36,3,2,9,9,8,7,4,3
36,3,3,8,3,6,2,10,8
36,3,4,3,5,7,1,3,5
36,3,5,5,7,5,10,4,9
36,3,6,8,7,5,8,7,3
36,4,1,10,1,5,6,6,6
36,4,2,3,7,1,10,3,1
36,4,3,4,4,1,7,7,6
36,4,4,1,8,7,1,2,10
36,4,5,5,7,8,6,7,10
36,4,6,9,7,10,5,5,6
37,1,1,4,1,7,9,7,10
37,1,2,5,6,2,1,2,8
37,1,3,10,8,2,9,3,1
37,1,4,7,6,4,6,6,3
37,1,5,7,6,10,2,10,6
37,1,6,8,7,10,9,6,7
37,2,1,10,6,7,3,3,9
37,2,2,3,7,9,2,1,2
37,2,3,9,10,2,3,8,10
37,2,4,8,3,9,5,7,10
37,2,5,8,4,9,7,4,8
37,2,6,6,5,2,4,5,6
37,3,1,9,2,1,8,3,10
37,3,2,5,7,3,10,9,3
37,3,3,3,8,6,10,6,6
37,3,4,8,9,7,4,10,4
37,3,5,1,9,8,10,1,5
37,3,6,2,8,5,3,8,2
37,4,1,8,4,10,9,6,10
37,4,2,10,3,5,2,4,3
37,4,3,2,4,6,2,6,9
37,4,4,1,8,8,10,9,10
37,4,5,10,5,3,3,10,7
37,4,6,3,5,6,4,2,4
38,1,1,1,9,7,9,8,1
38,1,2,4,6,10,10,8,3
38,1,3,5,2,10,8,9,4
38,1,4,4,4,5,3,1,4
38,1,5,10,4,10,4,3,2
38,1,6,10,6,4,7,1,5
38,2,1,4,6,4,2,3,5
38,2,2,6,1,1,2,4,7
38,2,3,3,6,9,6,5,9
38,2,4,3,4,6,5,8,5
38,2,5,1,3,1,2,9,1
38,2,6,10,3,9,8,3,10
38,3,1,5,9,5,4,6,5
38,3,2,2,6,5,8,2,1
38,3,3,5,10,8,10,3,8
38,3,4,6,7,1,10,3,6
38,3,5,4,1,1,10,3,3
38,3,6,7,3,1,3,9,6
38,4,1,3,10,2,3,4,1
38,4,2,10,4,9,2,6,10
38,4,3,1,8,9,6,3,1
38,4,4,8,2,7,3,6,4
38,4,5,10,8,8,4,8,7
38,4,6,9,10,4,5,10,5
39,1,1,1,3,4,10,10,9
39,1,2,8,5,3,3,6,7
39,1,3,7,2,9,3,5,3
39,1,4,8,5,6,9,6,10
39,1,5,10,7,7,9,6,2
39,1,6,5,7,6,9,6,7
39,2,1,5,6,8,3,4,5
39,2,2,5,3,4,7,2,7
39,2,3,8,7,4,9,8,6
39,2,4,10,10,6,6,2,5
39,2,5,7,5,6,3,4,6
39,2,6,1,4,1,5,7,2
39,3,1,1,5,7,9,1,4
39,3,2,7,7,6,10,6,10
39,3,3,7,7,9,2,2,3
39,3,4,6,6,4,5,4,4
39,3,5,2,10,1,3,5,8
39,3,6,10,1,7,5,3,1
39,4,1,3,6,8,5,6,8
39,4,2,3,7,3,2,2,7
39,4,3,5,6,10,1,1,6
39,4,4,5,4,4,3,2,4
39,4,5,8,9,9,1,9,10
39,4,6,10,1,4,1,4,5
40,1,1,9,9,1,10,6,3
40,1,2,6,1,2,7,9,4
40,1,3,9,6,1,2,8,2
40,1,4,2,3,5,9,9,10
40,1,5,4,2,9,9,2,8
40,1,6,5,6,7,2,5,7
40,2,1,1,8,4,3,7,4
40,2,2,5,7,4,8,5,1
40,2,3,4,2,8,1,3,10
40,2,4,2,8,2,9,1,2
40,2,5,10,9,2,3,1,7
40,2,6,7,5,8,10,8,5
40,3,1,4,6,5,1,5,10
40,3,2,5,9,4,6,8,9
40,3,3,5,9,2,2,5,3
40,3,4,5,10,10,10,1,3
40,3,5,8,3,6,2,1,3
40,3,6,2,5,10,8,3,7
40,4,1,1,7,3,2,7,5
40,4,2,10,1,5,9,8,1
40,4,3,2,10,3,1,2,1
40,4,4,7,10,7,5,4,5
40,4,5,2,10,4,9,10,3
40,4,6,8,1,9,9,4,4
41,1,1,9,9,8,1,3,6
41,1,2,1,2,2,10,2,3
41,1,3,1,8,7,8,7,8
41,1,4,7,1,1,8,10,6
41,1,5,10,2,5,7,2,4
41,1,6,6,6,3,6,7,4
41,2,1,8,4,2,2,3,10
41,2,2,9,6,7,1,8,4
41,2,3,9,5,7,1,2,2
41,2,4,9,6,4,6,6,6
41,2,5,1,1,2,3,7,4
41,2,6,1,5,6,6,6,10
41,3,1,8,6,7,9,9,1
41,3,2,1,6,9,9,8,3
41,3,3,5,5,1,6,6,4
41,3,4,8,3,1,4,6,8
41,3,5,6,7,2,3,2,5
41,3,6,8,2,5,5,10,4
41,4,1,1,1,5,9,3,6
41,4,2,9,10,9,2,8,4
41,4,3,2,7,1,9,5,9
41,4,4,6,8,1,5,1,1
41,4,5,2,1,9,7,2,5
41,4,6,3,5,5,3,6,5
42,1,1,6,4,1,8,2,5
42,1,2,7,4,3,10,10,7
42,1,3,2,4,6,2,6,10
42,1,4,3,10,3,8,2,5
42,1,5,1,6,6,5,5,6
42,1,6,10,7,10,2,1,2
42,2,1,3,10,3,7,5,9
42,2,2,9,1,7,6,7,2
42,2,3,1,1,7,5,9,8
42,2,4,3,4,6,10,10,5
42,2,5,5,4,4,1,2,7
42,2,6,2,5,7,8,2,7
42,3,1,1,6,5,8,3,7
42,3,2,7,2,5,6,6,5
42,3,3,1,8,3,3,10,2
42,3,4,1,2,10,4,9,9
42,3,5,4,10,7,5,10,9
42,3,6,1,4,10,2,1,3
42,4,1,5,7,10,5,1,3
42,4,2,10,7,7,10,10,8
42,4,3,10,8,5,5,8,9
42,4,4,4,10,10,1,5,6
42,4,5,9,6,9,7,1,4
42,4,6,4,1,7,5,2,2
43,1,1,6,1,7,3,1,6
43,1,2,10,9,7,9,2,10
43,1,3,9,10,7,10,3,5
43,1,4,2,1,8,3,10,3
43,1,5,4,8,4,10,6,3
43,1,6,3,5,6,2,10,8
43,2,1,10,2,3,1,10,9
43,2,2,3,8,8,2,3,9
43,2,3,2,4,7,7,8,5
43,2,4,2,7,9,3,6,3
43,2,5,7,3,8,3,10,9
43,2,6,2,1,5,8,5,7
43,3,1,9,9,8,4,8,8
43,3,2,10,1,8,1,9,7
43,3,3,1,6,1,5,9,1
43,3,4,1,6,7,2,9,3
43,3,5,6,7,1,3,9,8
43,3,6,10,9,10,1,9,2
43,4,1,10,4,6,8,8,2
43,4,2,7,4,8,7,9,2
43,4,3,6,10,6,1,3,2
43,4,4,8,3,2,3,10,9
43,4,5,1,8,3,5,3,3
43,4,6,8,4,9,7,2,2
44,1,1,6,7,1,4,7,10
44,1,2,9,10,6,1,2,7
44,1,3,8,7,9,8,7,2
44,1,4,1,1,1,10,1,1
44,1,5,5,2,6,2,4,1
44,1,6,9,8,3,9,10,7
44,2,1,2,8,4,6,1,8
44,2,2,2,8,7,9,4,2
44,2,3,6,6,9,6,10,10
44,2,4,10,7,2,3,1,4
44,2,5,4,5,4,2,10,4
44,2,6,6,7,1,8,9,2
44,3,1,8,9,1,1,10,1
44,3,2,10,10,9,9,3,9
44,3,3,5,7,8,4,1,1
44,3,4,3,6,10,10,8,9
44,3,5,1,5,6,6,9,8
44,3,6,3,7,2,6,4,9
44,4,1,10,2,10,2,9,6
44,4,2,9,10,6,7,3,6
44,4,3,3,1,9,3,3,4
44,4,4,4,10,5,8,10,8
44,4,5,6,2,3,10,4,4
44,4,6,3,6,7,10,6,7
45,1,1,9,2,8,8,4,7
45,1,2,3,6,2,2,5,3
45,1,3,2,9,10,7,3,2
45,1,4,8,2,6,1,8,1
45,1,5,9,5,4,4,9,2
45,1,6,9,10,7,1,2,3
45,2,1,1,6,4,3,10,5
45,2,2,9,10,6,4,9,8
45,2,3,10,3,2,5,1,3
45,2,4,7,7,1,6,6,3
45,2,5,3,9,5,1,1,10
45,2,6,10,1,10,7,8,7
45,3,1,10,7,10,1,6,10
45,3,2,8,6,3,8,6,2
45,3,3,4,5,8,3,5,3
45,3,4,9,2,4,9,1,9
45,3,5,5,1,4,7,7,6
45,3,6,8,1,9,3,1,5
45,4,1,2,6,2,6,6,8
45,4,2,5,9,6,7,7,8
45,4,3,3,5,8,1,2,10
45,4,4,9,8,1,9,3,2
45,4,5,6,6,8,2,9,8
45,4,6,7,5,4,8,6,2
46,1,1,3,7,3,10,8,3
46,1,2,7,3,7,10,10,4
46,1,3,7,4,3,8,7,2
46,1,4,3,7,3,4,4,9
46,1,5,1,7,1,7,4,10
46,1,6,9,2,10,8,3,7
46,2,1,8,10,2,1,3,2
46,2,2,8,2,2,2,2,1
46,2,3,4,3,9,2,3,1
46,2,4,7,5,7,6,1,5
46,2,5,1,10,10,10,2,9
46,2,6,4,6,10,3,8,3
46,3,1,2,9,7,10,7,2
46,3,2,3,4,1,6,1,8
46,3,3,6,6,2,8,3,10
46,3,4,5,7,1,8,8,7
46,3,5,7,1,3,9,2,10
46,3,6,1,5,9,7,9,1
46,4,1,3,5,6,10,10,9
46,4,2,2,10,5,1,2,6
46,4,3,10,5,7,7,5,5
46,4,4,2,5,5,1,8,9
46,4,5,3,9,3,6,5,2
46,4,6,3,4,10,8,7,8
47,1,1,10,1,8,7,7,6
47,1,2,4,1,10,7,10,3
47,1,3,2,10,2,2,4,7
47,1,4,5,3,5,9,4,6
47,1,5,3,4,9,7,2,10
47,1,6,5,8,1,3,3,7
47,2,1,8,4,8,4,4,10
47,2,2,8,6,7,3,9,4
47,2,3,6,1,10,3,8,3
47,2,4,3,5,9,10,4,6
47,2,5,10,1,9,2,4,5
47,2,6,6,10,3,4,1,1
47,3,1,6,4,5,8,4,10
47,3,2,3,9,4,1,9,3
47,3,3,2,6,7,10,3,9
47,3,4,8,2,2,4,10,9
47,3,5,6,5,4,8,8,4
47,3,6,10,1,9,1,8,2
47,4,1,7,6,6,7,4,4
47,4,2,5,9,5,10,4,7
47,4,3,7,5,9,3,7,9
47,4,4,2,1,9,3,4,5
47,4,5,5,5,9,9,4,1
47,4,6,3,1,3,9,9,3
48,1,1,5,5,10,6,2,8
48,1,2,2,2,10,10,10,7
48,1,3,6,2,7,4,8,6
48,1,4,8,6,3,9,6,2
48,1,5,1,2,5,7,7,8
48,1,6,2,5,9,7,6,4
48,2,1,9,10,5,5,3,4
48,2,2,4,4,3,3,4,8
48,2,3,3,9,2,9,4,5
48,2,4,10,2,10,10,7,6
48,2,5,10,9,3,6,1,10
48,2,6,2,9,8,8,1,3
48,3,1,5,10,4,8,5,6
48,3,2,3,8,4,9,7,9
48,3,3,3,8,4,9,5,7
48,3,4,2,3,9,7,1,4
48,3,5,10,6,6,2,6,9
48,3,6,10,4,10,2,10,10
48,4,1,5,6,1,7,9,2
48,4,2,1,1,4,5,7,5
48,4,3,5,3,2,1,1,7
48,4,4,5,10,4,8,5,8
48,4,5,1,9,9,4,3,6
48,4,6,1,8,10,10,6,3
49,1,1,4,6,7,10,9,5
49,1,2,7,8,9,5,9,3
49,1,3,2,7,3,5,8,4
49,1,4,5,5,9,3,2,8
49,1,5,10,4,2,7,1,10
49,1,6,2,8,1,7,6,8
49,2,1,4,2,8,2,4,2
49,2,2,9,8,2,3,10,1
49,2,3,3,6,8,8,7,10
49,2,4,8,7,8,1,5,9
49,2,5,6,7,4,2,5,1
49,2,6,4,9,7,5,4,6
49,3,1,3,3,9,1,9,1
49,3,2,9,6,9,9,3,7
49,3,3,6,6,1,6,4,5
49,3,4,2,10,5,7,6,9
49,3,5,2,7,7,1,5,8
49,3,6,10,8,5,2,6,9
49,4,1,6,4,5,4,3,10
49,4,2,4,3,1,8,9,10
49,4,3,7,7,4,7,2,6
49,4,4,9,10,7,3,2,8
49,4,5,1,2,3,1,10,1
49,4,6,1,4,9,3,8,8
50,1,1,10,3,2,6,9,10
50,1,2,3,1,3,4,3,9
50,1,3,1,3,4,10,3,3
50,1,4,6,8,9,10,2,9
50,1,5,1,6,5,7,8,10
50,1,6,7,7,8,9,9,1
50,2,1,7,3,7,9,5,10
50,2,2,1,6,9,4,3,6
50,2,3,9,10,2,4,7,9
50,2,4,6,6,4,2,6,4
50,2,5,7,1,6,9,2,6
50,2,6,6,2,7,1,3,10
50,3,1,5,2,7,2,7,3
50,3,2,1,1,10,4,8,6
50,3,3,9,7,9,8,6,1
50,3,4,6,3,3,6,10,3
50,3,5,4,9,6,4,10,3
50,3,6,3,6,7,2,9,8
50,4,1,10,8,8,3,8,9
50,4,2,2,1,9,7,3,6
50,4,3,5,5,5,3,5,6
50,4,4,3,3,8,8,4,3
50,4,5,4,5,7,9,4,3
50,4,6,4,3,5,4,1,6
51,1,1,3,5,8,4,6,10
51,1,2,3,8,2,2,8,7
51,1,3,5,10,1,10,3,5
51,1,4,9,1,6,1,3,9
51,1,5,1,6,1,10,3,6
51,1,6,9,6,9,9,7,6
51,2,1,8,3,1,5,9,6
51,2,2,7,3,5,4,6,1
51,2,3,8,4,10,9,1,6
51,2,4,10,7,8,5,6,10
51,2,5,6,3,10,7,8,9
51,2,6,9,5,4,8,5,3
51,3,1,7,2,5,4,3,2
51,3,2,5,10,5,9,8,5
51,3,3,9,10,7,4,3,4
51,3,4,8,8,10,3,1,7
51,3,5,7,6,9,4,4,3
51,3,6,1,4,3,6,6,3
51,4,1,7,7,5,4,10,5
51,4,2,5,5,2,6,5,7
51,4,3,6,7,1,4,2,4
51,4,4,3,8,2,5,5,3
51,4,5,9,2,7,1,7,10
51,4,6,6,9,2,7,2,6
52,1,1,5,5,3,5,8,2
52,1,2,1,1,10,8,4,3
52,1,3,1,8,3,7,10,5
52,1,4,4,10,2,1,3,6
52,1,5,8,7,3,1,9,2
52,1,6,3,5,5,6,3,4
52,2,1,10,1,8,10,8,5
52,2,2,1,7,9,5,6,10
52,2,3,4,2,4,1,1,9
52,2,4,4,5,7,6,4,8
52,2,5,10,1,7,1,8,3
52,2,6,9,1,4,5,5,7
52,3,1,1,2,5,1,5,3
52,3,2,6,1,3,2,6,4
52,3,3,8,7,6,2,9,1
52,3,4,6,4,2,6,6,4
52,3,5,2,4,8,5,6,5
52,3,6,2,9,6,4,2,6
52,4,1,2,4,6,4,5,5
52,4,2,1,4,6,4,7,7
52,4,3,4,5,3,1,2,8
52,4,4,2,3,10,8,6,9
52,4,5,4,4,3,1,9,4
52,4,6,9,3,2,9,2,8
53,1,1,4,9,7,6,7,2
53,1,2,4,8,2,4,6,3
53,1,3,4,5,5,8,5,6
53,1,4,9,7,3,7,8,2
53,1,5,3,10,9,2,4,8
53,1,6,6,8,4,4,10,5
53,2,1,4,8,10,5,5,1
53,2,2,4,1,7,5,2,3
53,2,3,7,7,5,6,1,4
53,2,4,2,7,1,6,7,6
53,2,5,3,7,6,6,3,7
53,2,6,2,2,3,9,5,8
53,3,1,8,5,4,4,7,5
53,3,2,6,1,6,5,8,9
53,3,3,7,9,7,6,7,9
53,3,4,6,6,9,1,2,1
53,3,5,4,7,7,2,2,8
53,3,6,4,10,6,10,1,7
53,4,1,9,7,1,5,7,9
53,4,2,4,8,5,5,6,6
53,4,3,7,4,3,4,8,5
53,4,4,5,9,3,4,7,3
53,4,5,4,1,1,7,7,3
53,4,6,1,6,7,5,3,4
54,1,1,9,8,7,9,4,5
54,1,2,8,3,9,6,10,1
54,1,3,9,1,5,9,6,1
54,1,4,9,4,2,1,1,9
54,1,5,2,10,4,7,5,1
54,1,6,6,8,6,8,7,7
54,2,1,4,6,1,6,1,3
54,2,2,6,4,7,2,10,9
54,2,3,7,5,3,4,10,9
54,2,4,9,3,10,2,8,6
54,2,5,8,6,5,1,3,9
54,2,6,3,10,3,2,7,6
54,3,1,6,10,6,8,3,9
54,3,2,9,8,10,10,3,10
54,3,3,5,2,3,10,8,9
54,3,4,3,1,9,3,5,9
54,3,5,8,2,6,2,3,9
54,3,6,1,4,3,10,9,9
54,4,1,1,3,6,3,9,9
54,4,2,2,3,8,10,9,7
54,4,3,5,9,2,7,2,7
54,4,4,9,9,8,3,3,5
54,4,5,1,6,10,3,9,1
54,4,6,2,1,8,1,9,10
55,1,1,4,10,5,10,9,10
55,1,2,2,5,1,2,9,7
55,1,3,10,4,5,9,1,2
55,1,4,5,5,6,6,4,8
55,1,5,7,1,6,10,3,8
55,1,6,8,8,4,8,7,6
55,2,1,9,5,2,5,8,9
55,2,2,5,2,6,2,8,5
55,2,3,6,10,6,10,7,2
55,2,4,2,3,1,8,7,6
55,2,5,3,2,8,1,5,4
55,2,6,1,3,3,4,7,1
55,3,1,5,2,6,1,6,9
55,3,2,3,8,10,4,10,4
55,3,3,10,10,6,8,1,4
55,3,4,10,8,5,9,10,4
55,3,5,2,8,10,9,5,3
55,3,6,8,3,6,7,5,1
55,4,1,1,5,8,3,9,8
55,4,2,7,3,1,3,2,9
55,4,3,4,9,1,8,9,10
55,4,4,10,3,10,10,8,9
55,4,5,5,10,4,4,10,3
55,4,6,5,1,2,8,5,7
56,1,1,5,6,10,6,7,10
56,1,2,4,5,3,5,8,3
56,1,3,2,2,4,3,1,7
56,1,4,9,5,4,3,4,4
56,1,5,10,7,10,1,2,4
56,1,6,3,8,7,9,4,6
56,2,1,9,7,6,1,2,1
56,2,2,8,9,10,5,3,1
56,2,3,10,7,10,3,2,2
56,2,4,7,1,8,5,4,4
56,2,5,3,3,1,5,10,10
56,2,6,7,5,4,10,5,7
56,3,1,7,6,10,10,1,9
56,3,2,2,5,6,7,8,3
56,3,3,10,1,3,7,9,6
56,3,4,5,2,6,3,8,2
56,3,5,6,8,8,1,2,10
56,3,6,7,5,7,2,9,10
56,4,1,4,1,2,5,5,4
56,4,2,3,1,7,1,8,3
56,4,3,1,7,8,5,3,3
56,4,4,4,9,6,1,8,2
56,4,5,1,1,7,2,3,10
56,4,6,2,3,4,7,3,4
57,1,1,2,6,8,5,9,10
57,1,2,2,3,10,1,4,6
57,1,3,7,7,3,6,2,10
57,1,4,1,7,5,2,8,3
57,1,5,3,8,2,4,3,1
57,1,6,6,2,6,9,6,6
57,2,1,4,4,9,4,3,9
57,2,2,5,6,7,6,1,7
57,2,3,1,4,2,3,1,10
57,2,4,5,4,7,8,4,10
57,2,5,1,8,3,6,2,4
57,2,6,2,4,4,6,5,1
57,3,1,3,3,1,1,10,2
57,3,2,3,2,6,1,6,2
57,3,3,2,6,5,5,7,2
57,3,4,3,4,2,2,2,2
57,3,5,8,10,1,10,1,8
57,3,6,9,7,9,1,10,10
57,4,1,9,5,10,7,8,5
57,4,2,10,10,9,3,6,4
57,4,3,5,7,9,2,5,7
57,4,4,2,1,7,1,6,1
57,4,5,2,6,9,2,9,5
57,4,6,7,3,8,4,6,2
58,1,1,1,1,8,7,3,5
58,1,2,4,10,5,4,7,2
58,1,3,1,10,8,8,6,8
58,1,4,3,2,7,1,10,8
58,1,5,9,5,10,2,6,3
58,1,6,2,7,6,2,3,6
58,2,1,7,1,1,8,4,1
58,2,2,8,4,5,9,4,5
58,2,3,3,9,6,8,9,9
58,2,4,4,5,2,1,8,1
58,2,5,5,10,1,7,10,2
58,2,6,5,7,6,6,8,6
58,3,1,8,3,2,9,10,7
58,3,2,2,3,3,9,4,2
58,3,3,7,8,8,4,9,1
58,3,4,8,4,3,8,3,9
58,3,5,1,4,1,5,2,1
58,3,6,1,9,3,6,8,6
58,4,1,3,1,2,7,1,1
58,4,2,2,2,5,4,4,10
58,4,3,1,3,8,2,3,9
58,4,4,4,5,4,10,1,10
58,4,5,9,7,10,9,3,3
58,4,6,8,1,2,9,10,3
59,1,1,6,2,3,6,8,9
59,1,2,1,8,8,5,7,3
59,1,3,7,7,6,8,10,5
59,1,4,3,6,10,9,1,7
59,1,5,7,5,9,5,8,2
59,1,6,7,2,10,6,9,8
59,2,1,1,4,3,7,3,5
59,2,2,1,5,9,5,3,3
59,2,3,2,7,8,9,7,9
59,2,4,10,4,9,8,9,4
59,2,5,6,5,4,4,3,8
59,2,6,3,1,7,8,3,3
59,3,1,5,3,2,4,7,1
59,3,2,10,5,9,9,9,5
59,3,3,5,10,3,6,2,5
59,3,4,9,7,10,10,1,9
59,3,5,3,2,1,3,4,1
59,3,6,3,1,6,9,5,10
59,4,1,6,2,6,1,4,5
59,4,2,2,5,2,10,8,2
59,4,3,4,4,9,3,5,1
59,4,4,8,9,8,6,2,8
59,4,5,2,2,9,5,6,3
59,4,6,9,8,5,2,10,4
60,1,1,8,5,8,1,4,5
60,1,2,4,10,7,2,3,9
60,1,3,3,10,5,2,2,4
60,1,4,10,1,9,2,10,2
60,1,5,5,5,10,7,3,2
60,1,6,10,4,3,9,10,9
60,2,1,3,10,7,10,9,10
60,2,2,9,2,2,4,10,2
60,2,3,8,5,1,5,7,5
60,2,4,7,3,10,8,9,9
60,2,5,5,8,3,2,7,1
60,2,6,9,9,4,7,4,10
60,3,1,1,5,9,2,3,3
60,3,2,10,9,9,10,2,1
60,3,3,2,2,9,5,2,7
60,3,4,4,6,3,6,2,4
60,3,5,9,5,7,6,6,5
60,3,6,9,3,10,7,4,2
60,4,1,9,8,10,3,9,6
60,4,2,7,3,2,9,5,5
60,4,3,6,7,2,2,6,9
60,4,4,2,2,1,6,10,1
60,4,5,4,5,8,7,1,6
60,4,6,6,1,4,2,1,2
61,1,1,7,9,8,8,9,2
61,1,2,3,7,7,3,5,7
61,1,3,9,2,7,4,1,10
61,1,4,2,3,9,6,2,5
61,1,5,4,2,6,2,3,3
61,1,6,2,9,10,1,3,8
61,2,1,2,6,1,6,6,9
61,2,2,5,2,1,9,8,10
61,2,3,10,7,9,10,9,2
61,2,4,2,8,10,1,1,7
61,2,5,1,9,5,6,10,10
61,2,6,4,9,7,2,2,3
61,3,1,10,8,4,6,4,5
61,3,2,3,7,8,8,3,4
61,3,3,1,9,5,5,2,5
61,3,4,10,4,2,4,5,9
61,3,5,5,2,9,8,8,3
61,3,6,9,7,2,1,3,2
61,4,1,10,9,7,10,7,3
61,4,2,2,7,10,1,3,2
61,4,3,9,1,1,4,4,6
61,4,4,8,8,1,1,7,10
61,4,5,7,9,1,9,3,4
61,4,6,8,8,9,1,5,8
62,1,1,4,8,2,3,8,9
62,1,2,7,2,3,6,10,1
62,1,3,5,7,5,7,1,3
62,1,4,7,1,6,9,1,10
62,1,5,10,9,2,6,5,7
62,1,6,3,2,2,2,6,8
62,2,1,5,3,10,6,6,2
62,2,2,1,2,2,4,4,5
62,2,3,5,6,8,10,1,4
62,2,4,1,4,8,6,10,10
62,2,5,3,1,9,9,5,3
62,2,6,7,5,6,2,4,4
62,3,1,1,3,7,1,9,6
62,3,2,6,6,10,3,1,7
62,3,3,9,2,1,4,8,8
62,3,4,8,1,9,4,4,8
62,3,5,4,1,1,5,4,10
62,3,6,8,10,7,8,8,10
62,4,1,5,9,1,7,1,7
62,4,2,9,5,2,2,1,7
62,4,3,5,7,2,10,3,10
62,4,4,4,6,5,4,5,9
62,4,5,10,3,4,6,2,3
62,4,6,3,7,2,10,1,10
63,1,1,8,2,6,7,9,10
63,1,2,8,6,9,8,9,10
63,1,3,9,3,9,3,3,7
63,1,4,3,5,10,1,3,4
63,1,5,7,2,2,6,5,8
63,1,6,10,7,8,2,5,6
63,2,1,9,10,8,10,10,4
63,2,2,10,3,8,3,6,5
63,2,3,8,1,7,4,2,8
63,2,4,5,8,10,2,3,8
63,2,5,2,5,9,6,9,3
63,2,6,9,9,5,10,3,10
63,3,1,5,1,7,6,7,2
63,3,2,4,10,1,3,4,7
63,3,3,1,4,6,5,7,4
63,3,4,8,10,2,5,10,9
63,3,5,10,2,3,9,6,5
63,3,6,1,7,10,7,1,4
63,4,1,3,5,10,2,4,1
63,4,2,7,10,2,4,4,1
63,4,3,2,9,9,7,8,10
63,4,4,10,2,8,2,10,1
63,4,5,8,3,8,9,1,2
63,4,6,10,3,10,5,8,5
64,1,1,4,8,8,2,5,8
64,1,2,9,9,6,3,7,5
64,1,3,6,8,5,9,2,8
64,1,4,8,10,1,10,5,7
64,1,5,10,6,8,6,7,7
64,1,6,4,3,6,1,9,7
64,2,1,10,4,1,4,4,7
64,2,2,4,3,3,1,4,10
64,2,3,9,10,5,3,8,8
64,2,4,2,5,10,7,6,1
64,2,5,7,8,5,5,6,5
64,2,6,10,2,9,10,2,9
64,3,1,2,8,9,6,4,6
64,3,2,9,1,9,3,6,8
64,3,3,3,6,3,4,3,1
64,3,4,7,7,8,7,4,2
64,3,5,5,8,9,4,7,4
64,3,6,6,4,7,1,5,4
64,4,1,6,9,8,5,4,7
64,4,2,5,5,9,4,10,2
64,4,3,10,8,4,7,1,6
64,4,4,8,4,5,4,6,7
64,4,5,8,5,5,5,5,6
64,4,6,2,7,2,3,6,5
65,1,1,2,5,4,4,2,7
65,1,2,1,4,1,5,4,5
65,1,3,1,6,9,8,9,2
65,1,4,4,9,1,10,2,3
65,1,5,2,9,9,1,6,3
65,1,6,10,4,9,9,3,7
65,2,1,10,3,1,5,8,7
65,2,2,9,3,9,2,1,2
65,2,3,2,5,7,10,1,8
65,2,4,5,5,7,9,8,8
65,2,5,1,4,4,8,3,6
65,2,6,9,2,2,7,1,10
65,3,1,10,1,6,4,10,10
65,3,2,2,2,2,7,3,1
65,3,3,7,9,1,7,4,5
65,3,4,9,2,1,3,2,10
65,3,5,6,7,1,9,4,9
65,3,6,9,9,9,9,6,7
65,4,1,5,2,8,3,5,9
65,4,2,1,6,3,10,5,2
65,4,3,1,9,5,10,9,2
65,4,4,2,3,1,1,2,2
65,4,5,4,7,6,1,2,5
65,4,6,1,5,8,2,10,9
66,1,1,10,3,10,10,5,8
66,1,2,5,7,4,2,7,8
66,1,3,7,2,7,1,3,3
66,1,4,10,10,9,8,3,3
66,1,5,6,1,4,10,6,1
66,1,6,5,2,6,6,3,5
66,2,1,9,8,2,4,8,2
66,2,2,1,6,6,4,3,4
66,2,3,6,4,8,2,10,10
66,2,4,5,4,10,3,10,4
66,2,5,3,9,3,3,6,2
66,2,6,8,3,9,9,1,2
66,3,1,8,5,9,2,1,10
66,3,2,1,10,2,3,5,10
66,3,3,1,7,10,3,7,3
66,3,4,2,7,9,10,9,5
66,3,5,1,6,6,10,8,6
66,3,6,8,8,6,3,1,5
66,4,1,6,9,9,10,6,6
66,4,2,5,8,8,3,3,7
66,4,3,3,3,5,6,4,4
66,4,4,6,7,3,8,7,1
66,4,5,6,2,2,8,2,2
66,4,6,7,9,8,9,4,8
67,1,1,9,8,4,7,8,1
67,1,2,9,10,2,4,3,10
67,1,3,7,3,3,4,8,2
67,1,4,5,4,8,8,10,3
67,1,5,7,3,10,4,10,8
67,1,6,7,3,10,4,2,5
67,2,1,2,1,1,7,10,8
67,2,2,7,5,7,5,3,5
67,2,3,5,3,8,4,2,6
67,2,4,1,4,9,3,3,7
67,2,5,5,1,7,1,8,9
67,2,6,6,4,5,9,8,4
67,3,1,9,10,10,8,9,9
67,3,2,6,3,6,9,4,9
67,3,3,3,5,3,5,8,5
67,3,4,7,9,6,6,10,7
67,3,5,7,5,10,5,4,4
67,3,6,3,5,6,5,9,4
67,4,1,3,6,10,6,10,2
67,4,2,5,8,2,3,6,1
67,4,3,8,9,3,9,7,3
67,4,4,7,3,4,8,2,6
67,4,5,9,2,7,5,9,9
67,4,6,5,8,6,9,10,7
68,1,1,8,10,5,7,2,8
68,1,2,10,4,6,7,9,7
68,1,3,4,9,5,5,8,9
68,1,4,3,5,5,3,3,2
68,1,5,1,4,6,7,10,8
68,1,6,10,2,5,4,1,6
68,2,1,10,9,1,6,9,9
68,2,2,1,1,4,3,10,10
68,2,3,1,4,2,10,1,3
68,2,4,7,2,4,7,2,10
68,2,5,7,2,2,2,5,2
68,2,6,1,10,10,6,8,8
68,3,1,7,4,4,4,6,4
68,3,2,9,2,4,1,8,9
68,3,3,4,4,1,9,4,8
68,3,4,6,1,10,7,5,10
68,3,5,3,7,6,8,3,8
68,3,6,7,7,6,8,3,5
68,4,1,3,9,8,7,8,7
68,4,2,1,10,4,2,2,5
68,4,3,6,5,1,7,7,4
68,4,4,2,10,8,2,10,8
68,4,5,2,2,5,2,10,6
68,4,6,7,9,3,5,2,1
69,1,1,4,5,8,2,5,6
69,1,2,7,9,4,1,8,5
69,1,3,10,2,8,2,10,7
69,1,4,9,7,1,6,5,5
69,1,5,10,8,1,6,10,6
69,1,6,7,6,4,5,3,6
69,2,1,7,5,10,6,5,6
69,2,2,9,1,3,5,5,7
69,2,3,2,10,6,9,4,3
69,2,4,10,10,3,7,8,9
69,2,5,9,7,5,3,3,6
69,2,6,5,6,8,7,5,2
69,3,1,5,5,3,5,5,6
69,3,2,4,10,3,2,9,2
69,3,3,7,8,8,6,7,2
69,3,4,3,8,9,10,9,1
69,3,5,6,9,8,2,2,9
69,3,6,7,10,2,4,4,8
69,4,1,10,7,6,7,2,10
69,4,2,6,7,8,5,5,8
69,4,3,8,10,9,2,4,10
69,4,4,2,5,10,7,9,10
69,4,5,6,1,8,7,8,4
69,4,6,7,3,2,9,5,8
70,1,1,3,7,7,5,2,7
70,1,2,2,6,8,5,9,1
70,1,3,9,5,4,4,1,1
70,1,4,9,7,10,5,4,2
70,1,5,7,2,1,6,1,5
70,1,6,7,3,4,2,10,5
70,2,1,5,7,7,6,2,6
70,2,2,5,5,10,6,9,6
70,2,3,8,8,4,5,6,10
70,2,4,8,8,7,3,8,10
70,2,5,3,2,7,8,7,2
70,2,6,5,3,9,5,5,6
70,3,1,5,8,6,5,4,9
70,3,2,4,5,3,7,4,8
70,3,3,10,6,9,9,9,3
70,3,4,9,5,7,2,5,6
70,3,5,1,2,3,6,4,2
70,3,6,9,9,9,3,2,4
70,4,1,2,7,5,6,5,4
70,4,2,8,9,6,7,1,5
70,4,3,1,8,1,6,4,4
70,4,4,8,6,10,5,7,5
70,4,5,6,10,5,2,9,4
70,4,6,10,7,1,10,6,1
71,1,1,9,1,4,5,8,9
71,1,2,3,7,2,6,6,2
71,1,3,2,7,6,7,8,5
71,1,4,7,5,3,10,6,2
71,1,5,8,2,10,8,2,3
71,1,6,10,6,7,4,6,8
71,2,1,4,3,8,4,2,4
71,2,2,1,1,2,1,6,10
71,2,3,10,8,5,4,2,10
71,2,4,10,4,4,5,1,5
71,2,5,10,7,2,10,4,2
71,2,6,2,9,5,1,3,8
71,3,1,6,5,1,6,4,7
71,3,2,10,10,7,5,7,5
71,3,3,1,8,10,7,2,6
71,3,4,3,4,7,8,7,3
71,3,5,5,6,4,6,2,10
71,3,6,1,2,7,5,8,4
71,4,1,9,5,8,8,2,6
71,4,2,8,8,1,5,6,3
71,4,3,6,6,3,2,7,4
71,4,4,9,7,6,6,1,4
71,4,5,2,1,9,7,1,10
71,4,6,3,4,1,6,4,7
72,1,1,5,8,10,1,3,4
72,1,2,7,4,6,8,9,2
72,1,3,9,2,3,10,2,1
72,1,4,5,4,7,6,1,3
72,1,5,2,3,10,5,6,3
72,1,6,1,10,10,1,5,8
72,2,1,8,9,8,6,9,1
72,2,2,9,2,1,5,4,8
72,2,3,1,4,10,3,6,7
72,2,4,9,7,7,7,1,1
72,2,5,10,4,7,5,4,10
72,2,6,9,10,8,5,4,5
72,3,1,10,6,5,6,1,3
72,3,2,9,9,3,5,4,2
72,3,3,4,1,1,2,5,4
72,3,4,3,4,5,1,3,5
72,3,5,4,8,5,5,5,2
72,3,6,3,2,10,7,2,10
72,4,1,2,8,7,2,8,3
72,4,2,4,9,1,4,3,7
72,4,3,9,2,4,5,3,10
72,4,4,6,3,4,10,1,9
72,4,5,6,7,1,4,7,9
72,4,6,5,8,10,10,5,4
73,1,1,1,8,7,2,10,5
73,1,2,10,8,8,4,9,9
73,1,3,5,5,6,6,10,4
73,1,4,6,4,2,3,3,2
73,1,5,1,5,2,4,9,7
73,1,6,7,7,10,10,4,4
73,2,1,4,4,6,2,2,9
73,2,2,7,9,5,2,5,9
73,2,3,10,6,2,2,6,6
73,2,4,4,3,7,6,4,9
73,2,5,4,8,7,6,2,8
73,2,6,3,8,9,1,2,4
73,3,1,6,7,7,4,7,6
73,3,2,9,7,1,8,1,3
73,3,3,7,3,6,3,1,4
73,3,4,8,8,5,4,5,4
73,3,5,5,4,7,1,5,7
73,3,6,2,4,2,2,10,1
73,4,1,1,2,10,8,7,5
73,4,2,2,2,3,10,8,9
73,4,3,9,4,4,3,1,10
73,4,4,2,6,9,1,1,3
73,4,5,4,5,1,7,10,3
73,4,6,5,8,3,9,5,2
74,1,1,2,4,7,3,4,9
74,1,2,7,8,3,2,6,1
74,1,3,3,1,8,1,10,9
74,1,4,8,8,1,7,7,9
74,1,5,10,7,9,7,5,1
74,1,6,8,1,3,4,7,4
74,2,1,2,9,6,10,2,1
74,2,2,2,1,1,5,1,6
74,2,3,4,5,10,10,5,7
74,2,4,3,4,9,3,2,1
74,2,5,2,9,9,7,2,7
74,2,6,8,1,4,5,2,1
74,3,1,8,3,7,5,6,7
74,3,2,4,1,10,8,5,6
74,3,3,1,4,9,8,1,2
74,3,4,2,10,5,9,5,2
74,3,5,3,3,6,5,2,4
74,3,6,2,6,5,8,9,9
74,4,1,1,7,7,4,1,2
74,4,2,3,3,1,6,9,4
74,4,3,6,9,6,5,7,10
74,4,4,4,6,10,8,7,3
74,4,5,7,8,1,1,9,5
74,4,6,2,6,9,6,1,10
75,1,1,10,3,7,1,7,5
75,1,2,2,9,2,2,5,5
75,1,3,7,9,2,10,3,1
75,1,4,8,6,8,2,4,3
75,1,5,3,5,4,2,1,3
75,1,6,7,5,2,9,5,8
75,2,1,10,5,5,5,10,6
75,2,2,10,1,4,9,3,9
75,2,3,9,4,6,5,1,9
75,2,4,4,9,6,8,5,2
75,2,5,6,8,9,10,5,3
75,2,6,1,7,1,7,3,7
75,3,1,10,9,1,3,8,4
75,3,2,3,10,1,4,4,9
75,3,3,3,9,2,6,2,8
75,3,4,1,4,1,1,4,7
75,3,5,3,4,2,6,9,6
75,3,6,1,9,10,5,3,8
75,4,1,8,2,10,10,3,6
75,4,2,1,10,1,2,1,7
75,4,3,6,3,1,2,1,10
75,4,4,7,2,4,10,7,5
75,4,5,6,1,8,7,2,4
75,4,6,5,5,1,2,3,3
76,1,1,8,3,6,5,1,5
76,1,2,5,10,1,10,1,4
76,1,3,9,5,4,2,9,3
76,1,4,7,10,8,5,4,10
76,1,5,9,5,8,1,7,9
76,1,6,2,6,2,1,7,4
76,2,1,5,8,3,6,9,8
76,2,2,5,1,8,10,5,7
76,2,3,10,2,5,4,5,6
76,2,4,9,9,3,7,9,3
76,2,5,7,8,9,6,5,7
76,2,6,1,4,1,8,6,3
76,3,1,8,6,2,1,8,4
76,3,2,10,5,8,8,9,5
76,3,3,10,6,5,5,7,5
76,3,4,3,9,6,7,10,9
76,3,5,8,4,7,1,1,2
76,3,6,10,4,9,6,4,9
76,4,1,2,1,6,7,6,1
76,4,2,7,8,3,4,4,9
76,4,3,2,6,8,5,5,10
76,4,4,5,2,2,6,4,10
76,4,5,2,6,10,8,10,4
76,4,6,6,2,7,4,9,9
77,1,1,2,9,3,7,2,1
77,1,2,6,8,7,1,3,9
77,1,3,1,1,4,1,8,4
77,1,4,4,6,4,1,4,7
77,1,5,2,3,3,1,7,4
77,1,6,7,10,3,1,6,6
77,2,1,10,9,5,9,7,7
77,2,2,8,5,6,4,9,2
77,2,3,4,1,1,9,8,5
77,2,4,10,8,4,2,6,2
77,2,5,5,3,10,1,2,10
77,2,6,5,9,3,10,2,6
77,3,1,7,8,6,10,4,10
77,3,2,6,10,10,2,7,7
77,3,3,9,5,3,7,8,6
77,3,4,5,7,5,9,9,2
77,3,5,8,3,2,3,9,9
77,3,6,10,1,3,8,10,7
77,4,1,3,8,10,10,3,6
77,4,2,9,1,8,10,10,8
77,4,3,4,8,6,2,4,10
77,4,4,6,3,6,8,7,9
77,4,5,8,8,1,2,10,1
77,4,6,4,5,4,9,2,6
78,1,1,2,10,9,10,7,8
78,1,2,3,7,4,7,2,1
78,1,3,5,9,6,1,8,10
78,1,4,8,9,3,2,8,10
78,1,5,7,8,2,5,9,1
78,1,6,7,5,1,6,10,7
78,2,1,1,3,3,2,2,2
78,2,2,9,5,4,3,6,2
78,2,3,7,6,3,7,10,2
78,2,4,7,9,1,4,3,10
78,2,5,8,6,2,3,6,6
78,2,6,3,9,5,6,7,9
78,3,1,1,10,4,3,1,6
78,3,2,10,9,3,5,3,2
78,3,3,10,3,2,9,4,3
78,3,4,7,8,10,5,2,7
78,3,5,2,2,1,6,5,8
78,3,6,10,8,7,10,8,4
78,4,1,10,7,6,2,10,5
78,4,2,2,7,6,5,10,8
78,4,3,9,6,1,8,2,5
78,4,4,7,1,2,4,10,7
78,4,5,1,1,9,7,9,3
78,4,6,9,3,10,9,9,8
79,1,1,1,9,4,10,1,4
79,1,2,5,3,7,1,5,1
79,1,3,4,6,6,1,10,5
79,1,4,2,10,2,3,3,9
79,1,5,9,10,3,9,4,1
79,1,6,5,2,1,3,10,1
79,2,1,2,9,5,8,7,1
79,2,2,7,1,6,3,8,6
79,2,3,9,2,2,2,10,2
79,2,4,2,3,1,3,6,5
79,2,5,3,7,7,5,5,9
79,2,6,4,6,5,6,6,3
79,3,1,2,1,6,6,10,7
79,3,2,8,2,9,4,4,7
79,3,3,8,2,2,7,9,8
79,3,4,6,4,6,4,4,6
79,3,5,6,9,8,1,1,1
79,3,6,1,4,2,7,10,6
79,4,1,4,2,3,4,1,2
79,4,2,7,5,1,6,5,6
79,4,3,1,2,8,4,8,8
79,4,4,2,6,10,10,8,1
79,4,5,4,10,8,4,10,2
79,4,6,4,4,4,10,5,3
80,1,1,4,9,10,7,10,7
80,1,2,7,8,10,7,4,6
80,1,3,3,4,7,6,10,8
80,1,4,3,9,4,9,6,8
80,1,5,4,8,1,5,8,9
80,1,6,10,4,8,10,9,1
80,2,1,4,6,4,2,10,2
80,2,2,5,3,6,8,4,6
80,2,3,8,2,5,3,3,10
80,2,4,2,9,2,1,5,4
80,2,5,1,10,10,9,10,7
80,2,6,2,6,1,1,6,5
80,3,1,4,6,7,10,3,10
80,3,2,10,1,9,6,8,3
80,3,3,5,2,9,10,1,3
80,3,4,2,9,1,3,3,7
80,3,5,3,1,6,3,3,4
80,3,6,9,8,5,2,4,10
80,4,1,7,2,4,3,5,7
80,4,2,7,7,1,6,10,8
80,4,3,5,10,2,9,4,8
80,4,4,3,9,10,8,5,6
80,4,5,4,10,2,7,4,5
80,4,6,5,10,3,2,5,4
81,1,1,7,1,8,1,7,2
81,1,2,9,7,1,7,5,2
81,1,3,5,9,9,4,6,9
81,1,4,3,3,3,10,2,2
81,1,5,2,3,1,3,2,5
81,1,6,3,4,3,9,2,3
81,2,1,2,9,10,6,4,3
81,2,2,10,6,1,2,3,9
81,2,3,2,4,2,8,2,8
81,2,4,10,8,9,3,9,10
81,2,5,2,2,1,1,9,6
81,2,6,5,7,8,4,9,2
81,3,1,5,6,7,4,4,1
81,3,2,6,10,8,7,10,7
81,3,3,7,6,7,9,8,3
81,3,4,9,3,9,5,7,1
81,3,5,9,10,5,1,5,3
81,3,6,3,9,10,9,10,8
81,4,1,4,4,2,5,6,7
81,4,2,8,6,4,10,1,1
81,4,3,8,8,8,7,4,6
81,4,4,8,7,9,5,6,1
81,4,5,2,7,10,8,5,10
81,4,6,2,7,4,4,3,3
82,1,1,4,4,8,6,4,7
82,1,2,1,3,6,9,4,5
82,1,3,6,3,6,2,6,5
82,1,4,2,5,6,7,7,6
82,1,5,10,5,2,1,4,1
82,1,6,10,10,5,9,3,6
82,2,1,2,6,7,3,8,1
82,2,2,8,6,2,5,4,6
82,2,3,8,3,3,2,3,7
82,2,4,10,5,2,1,3,3
82,2,5,6,1,1,3,4,1
82,2,6,1,3,7,8,7,9
82,3,1,9,8,9,10,5,8
82,3,2,2,9,4,3,4,4
82,3,3,9,10,4,6,6,9
82,3,4,9,2,2,8,9,10
82,3,5,6,1,10,6,6,6
82,3,6,2,4,1,8,3,6
82,4,1,10,2,3,9,9,2
82,4,2,8,3,1,2,3,8
82,4,3,1,4,8,2,3,10
82,4,4,5,3,10,4,5,9
82,4,5,1,3,2,1,9,3
82,4,6,1,7,7,10,3,5
83,1,1,5,10,9,2,3,6
83,1,2,5,6,1,1,9,10
83,1,3,6,10,2,8,6,10
83,1,4,5,10,7,7,3,5
83,1,5,1,7,9,4,4,9
83,1,6,10,3,1,3,1,6
83,2,1,6,1,2,3,10,6
83,2,2,8,10,4,8,5,2
83,2,3,4,1,8,10,4,2
83,2,4,10,10,3,7,10,2
83,2,5,6,8,7,10,10,3
83,2,6,7,5,9,1,4,10
83,3,1,7,6,3,5,7,7
83,3,2,4,9,3,9,2,7
83,3,3,4,2,5,9,8,1
83,3,4,5,5,7,6,7,5
83,3,5,7,1,7,4,1,9
83,3,6,6,3,7,10,9,5
83,4,1,8,4,8,2,5,7
83,4,2,2,9,5,7,5,3
83,4,3,6,4,2,3,6,2
83,4,4,10,9,9,1,9,2
83,4,5,5,10,6,10,8,4
83,4,6,2,1,9,9,7,6
84,1,1,9,1,5,8,6,3
84,1,2,6,10,10,1,1,7
84,1,3,4,1,9,7,2,8
84,1,4,7,5,10,3,9,7
84,1,5,2,1,9,1,2,3
84,1,6,5,7,6,7,4,5
84,2,1,7,3,9,8,8,3
84,2,2,1,9,7,8,5,2
84,2,3,2,8,9,3,4,8
84,2,4,6,7,2,1,8,6
84,2,5,8,7,9,3,8,10
84,2,6,6,8,4,10,10,10
84,3,1,10,5,3,2,1,10
84,3,2,8,7,8,2,3,8
84,3,3,9,6,5,7,6,4
84,3,4,8,10,5,3,9,1
84,3,5,7,10,2,5,9,8
84,3,6,8,4,9,5,7,8
84,4,1,9,7,8,4,8,4
84,4,2,1,4,10,4,10,1
84,4,3,2,5,7,8,4,1
84,4,4,4,2,9,2,7,7
84,4,5,7,8,1,1,9,4
84,4,6,9,1,4,8,9,9
85,1,1,1,10,4,5,8,6
85,1,2,2,4,1,8,7,1
85,1,3,5,6,10,10,10,9
85,1,4,4,2,1,6,8,3
85,1,5,1,5,6,8,6,9
85,1,6,2,9,10,8,3,8
85,2,1,1,6,10,10,7,5
85,2,2,6,10,7,2,8,7
85,2,3,1,8,5,10,6,10
85,2,4,10,6,5,6,6,2
85,2,5,1,7,4,2,10,4
85,2,6,10,3,8,5,6,5
85,3,1,9,3,3,4,9,8
85,3,2,10,10,6,7,7,7
85,3,3,4,9,7,4,10,2
85,3,4,3,2,4,2,4,8
85,3,5,9,3,10,9,5,7
85,3,6,1,2,6,1,7,1
85,4,1,8,6,5,5,7,7
85,4,2,3,8,7,7,5,8
85,4,3,10,7,3,4,2,4
85,4,4,4,9,9,3,2,9
85,4,5,10,5,4,9,9,2
85,4,6,10,6,10,6,5,2
86,1,1,4,6,6,6,7,4
86,1,2,4,5,8,10,2,6
86,1,3,7,6,6,9,4,7
86,1,4,6,8,10,10,5,3
86,1,5,7,3,8,9,6,6
86,1,6,8,1,8,5,9,6
86,2,1,3,5,8,9,8,7
86,2,2,10,2,6,4,8,7
86,2,3,9,8,3,7,7,6
86,2,4,9,9,5,9,10,9
86,2,5,2,1,4,6,10,1
86,2,6,9,6,9,9,1,3
86,3,1,5,3,9,10,2,1
86,3,2,6,7,10,2,10,1
86,3,3,10,8,8,6,3,9
86,3,4,6,4,5,7,6,5
86,3,5,8,10,2,8,8,8
86,3,6,3,3,4,5,7,5
86,4,1,5,1,3,10,5,4
86,4,2,5,5,6,10,9,6
86,4,3,5,2,10,9,10,7
86,4,4,7,5,1,4,8,5
86,4,5,3,1,8,6,10,2
86,4,6,9,4,8,2,10,10
87,1,1,6,6,10,5,3,5
87,1,2,1,3,10,10,2,4
87,1,3,5,1,2,10,2,3
87,1,4,10,1,6,1,10,3
87,1,5,1,2,3,3,2,6
87,1,6,3,2,8,10,7,5
87,2,1,9,1,2,5,9,10
87,2,2,10,1,3,9,4,9
87,2,3,2,6,8,5,2,7
87,2,4,3,9,7,1,1,4
87,2,5,2,2,6,9,1,10
87,2,6,7,2,1,8,7,3
87,3,1,8,1,3,6,4,7
87,3,2,10,7,3,8,2,4
87,3,3,1,1,6,2,4,10
87,3,4,10,1,3,7,6,3
87,3,5,8,10,2,9,9,3
87,3,6,6,4,5,3,6,8
87,4,1,10,6,9,8,6,9
87,4,2,2,7,5,6,3,8
87,4,3,9,4,2,10,3,8
87,4,4,1,1,8,4,6,7
87,4,5,7,4,5,3,10,9
87,4,6,3,1,8,2,10,2
88,1,1,1,6,7,1,3,7
88,1,2,4,10,5,3,1,10
88,1,3,5,2,2,9,5,5
88,1,4,10,4,1,3,3,8
88,1,5,9,7,4,4,6,1
88,1,6,5,7,1,3,8,4
88,2,1,9,5,5,10,4,5
88,2,2,5,4,10,1,1,7
88,2,3,3,1,9,8,2,4
88,2,4,9,5,9,6,10,7
88,2,5,10,10,8,10,3,3
88,2,6,4,7,9,5,7,5
88,3,1,5,7,3,8,5,8
88,3,2,5,5,9,10,8,9
88,3,3,5,4,2,8,5,3
88,3,4,10,1,4,9,3,9
88,3,5,4,8,1,8,2,6
88,3,6,10,1,2,8,2,4
88,4,1,9,8,9,1,10,2
88,4,2,9,3,1,9,9,10
88,4,3,4,3,5,5,5,8
88,4,4,6,10,5,2,3,2
88,4,5,6,10,5,2,4,1
88,4,6,10,2,7,3,10,4
89,1,1,2,5,7,5,1,2
89,1,2,8,6,10,7,3,4
89,1,3,3,10,3,8,9,8
89,1,4,2,1,8,4,5,1
89,1,5,2,2,1,9,1,8
89,1,6,2,10,9,10,7,7
89,2,1,4,2,1,5,7,6
89,2,2,1,9,5,8,6,8
89,2,3,1,7,9,10,3,3
89,2,4,5,7,6,4,8,10
89,2,5,1,4,10,4,3,5
89,2,6,1,9,10,2,3,5
89,3,1,9,1,5,1,3,3
89,3,2,4,8,5,4,3,4
89,3,3,9,2,5,9,4,4
89,3,4,3,9,10,1,9,8
89,3,5,9,9,5,3,4,10
89,3,6,1,7,4,4,7,2
89,4,1,5,10,1,5,2,1
89,4,2,6,3,3,2,7,2
89,4,3,8,6,8,10,9,10
89,4,4,10,6,1,5,5,8
89,4,5,6,6,5,8,10,1
89,4,6,6,5,10,4,9,8
90,1,1,10,10,2,2,1,8
90,1,2,4,8,7,3,2,1
90,1,3,3,6,10,5,8,3
90,1,4,6,6,9,10,1,6
90,1,5,8,9,1,6,8,5
90,1,6,1,3,10,8,2,8
90,2,1,1,5,4,6,5,3
90,2,2,9,4,6,4,9,8
90,2,3,10,10,9,9,6,1
90,2,4,1,10,7,10,6,1
90,2,5,6,8,9,10,9,1
90,2,6,5,3,10,6,8,2
90,3,1,7,1,7,5,4,2
90,3,2,9,7,9,8,7,1
90,3,3,3,6,7,9,10,9
90,3,4,6,1,6,8,1,7
90,3,5,4,4,10,6,2,1
90,3,6,4,8,5,4,3,8
90,4,1,4,1,8,8,2,4
90,4,2,5,7,3,8,4,8
90,4,3,4,3,7,10,3,6
90,4,4,6,5,9,10,7,5
90,4,5,3,3,9,6,1,10
90,4,6,5,10,10,3,5,4
91,1,1,6,5,7,5,7,3
91,1,2,3,5,3,9,9,9
91,1,3,5,7,6,10,4,5
91,1,4,7,1,7,3,4,7
91,1,5,10,3,3,5,7,2
91,1,6,8,1,5,4,4,10
91,2,1,5,4,6,4,7,3
91,2,2,4,8,10,4,1,10
91,2,3,9,6,7,8,9,3
91,2,4,5,5,5,4,6,1
91,2,5,2,4,7,5,10,5
91,2,6,4,8,2,4,5,1
91,3,1,3,6,4,1,4,3
91,3,2,5,4,2,9,5,2
91,3,3,2,5,2,2,4,4
91,3,4,9,4,1,10,10,3
91,3,5,2,7,2,2,9,10
91,3,6,1,9,7,6,3,1
91,4,1,8,9,6,7,3,10
91,4,2,2,8,10,9,2,9
91,4,3,6,4,6,1,3,6
91,4,4,5,9,7,5,3,1
91,4,5,3,6,9,4,4,9
91,4,6,4,3,6,6,6,8
92,1,1,8,3,10,4,2,9
92,1,2,3,10,10,8,2,8
92,1,3,9,1,4,10,6,4
92,1,4,4,3,10,4,4,1
92,1,5,9,8,6,8,2,5
92,1,6,8,8,2,10,2,6
92,2,1,3,3,6,6,10,7
92,2,2,8,5,10,1,3,3
92,2,3,10,1,7,2,2,6
92,2,4,1,2,8,7,1,10
92,2,5,4,3,7,9,4,7
92,2,6,5,8,7,3,2,6
92,3,1,3,1,9,2,5,2
92,3,2,2,1,2,6,2,8
92,3,3,7,1,3,9,3,4
92,3,4,2,1,9,6,2,1
92,3,5,8,1,6,5,8,8
92,3,6,3,4,2,5,4,3
92,4,1,1,2,7,3,7,9
92,4,2,3,2,7,5,7,1
92,4,3,5,4,6,1,10,8
92,4,4,6,9,7,5,9,3
92,4,5,10,1,9,7,1,10
92,4,6,5,9,7,6,8,4
93,1,1,5,7,8,10,10,10
93,1,2,4,3,1,8,2,10
93,1,3,9,5,5,1,7,4
93,1,4,10,1,6,7,3,10
93,1,5,10,1,2,1,2,1
93,1,6,9,8,3,3,7,4
93,2,1,10,3,1,6,8,7
93,2,2,5,3,10,6,10,4
93,2,3,9,5,7,6,6,7
93,2,4,1,9,1,7,5,3
93,2,5,9,7,2,5,8,7
93,2,6,8,6,2,3,1,2
93,3,1,1,10,5,5,10,2
93,3,2,4,7,10,4,4,5
93,3,3,10,2,1,6,8,8
93,3,4,2,4,7,6,8,4
93,3,5,8,2,7,10,10,8
93,3,6,2,2,1,5,5,10
93,4,1,9,6,1,2,1,8
93,4,2,7,4,1,2,6,8
93,4,3,2,2,5,6,2,4
93,4,4,2,5,8,7,2,10
93,4,5,9,6,2,10,5,5
93,4,6,2,10,6,7,3,6
94,1,1,9,4,2,9,6,10
94,1,2,2,10,3,7,5,8
94,1,3,6,8,8,6,9,10
94,1,4,3,3,2,10,2,9
94,1,5,3,6,2,8,1,10
94,1,6,1,4,10,1,1,1
94,2,1,3,6,6,9,1,5
94,2,2,1,8,3,5,1,6
94,2,3,9,9,1,10,8,4
94,2,4,4,6,9,5,8,8
94,2,5,9,2,5,9,9,9
94,2,6,7,8,3,9,1,2
94,3,1,1,8,1,1,3,9
94,3,2,1,2,8,8,10,8
94,3,3,8,2,7,5,10,10
94,3,4,8,7,9,4,7,7
94,3,5,5,1,9,9,6,8
94,3,6,5,1,1,5,8,5
94,4,1,8,3,3,9,6,2
94,4,2,3,6,4,10,1,2
94,4,3,3,7,9,1,7,10
94,4,4,10,3,2,10,1,7
94,4,5,10,1,2,1,8,1
94,4,6,4,10,7,2,6,8
95,1,1,7,8,1,4,9,6
95,1,2,9,1,6,5,5,10
95,1,3,8,9,4,5,5,1
95,1,4,4,8,3,3,9,2
95,1,5,2,1,9,6,1,2
95,1,6,1,2,7,6,5,3
95,2,1,7,4,1,7,10,9
95,2,2,2,8,3,10,3,7
95,2,3,7,10,8,3,10,3
95,2,4,10,7,7,6,9,8
95,2,5,4,3,2,2,9,7
95,2,6,7,3,4,6,2,4
95,3,1,3,8,5,5,5,6
95,3,2,7,2,6,5,5,6
95,3,3,9,8,2,5,7,2
95,3,4,9,1,9,9,4,7
95,3,5,7,3,9,7,3,6
95,3,6,6,4,5,3,7,8
95,4,1,2,5,5,5,7,3
95,4,2,7,6,5,2,10,8
95,4,3,10,2,9,4,10,10
95,4,4,6,5,10,4,8,7
95,4,5,2,2,1,2,9,9
95,4,6,6,8,3,6,5,3
96,1,1,5,3,5,6,5,2
96,1,2,10,4,4,8,8,5
96,1,3,9,10,5,9,4,9
96,1,4,1,3,4,3,9,5
96,1,5,4,3,5,5,2,1
96,1,6,7,10,1,6,7,4
96,2,1,1,3,7,3,4,5
96,2,2,5,2,8,4,3,8
96,2,3,6,7,4,5,6,7
96,2,4,1,5,3,1,8,7
96,2,5,3,10,10,4,9,2
96,2,6,7,7,4,7,6,5
96,3,1,2,1,8,6,1,2
96,3,2,4,3,4,4,8,2
96,3,3,8,2,3,6,1,8
96,3,4,1,10,10,1,9,8
96,3,5,10,9,4,3,5,3
96,3,6,7,7,5,4,9,6
96,4,1,4,6,4,4,8,4
96,4,2,4,2,5,10,1,2
96,4,3,6,1,1,5,2,4
96,4,4,2,6,2,3,2,1
96,4,5,3,6,5,5,2,4
96,4,6,2,2,7,3,10,6
97,1,1,1,10,7,2,4,5
97,1,2,1,5,8,8,8,6
97,1,3,9,8,4,1,3,7
97,1,4,10,9,2,10,8,2
97,1,5,7,10,10,4,1,8
97,1,6,4,6,8,9,4,1
97,2,1,10,8,4,4,8,4
97,2,2,1,2,1,9,5,1
97,2,3,7,4,5,4,2,5
97,2,4,7,4,10,1,10,6
97,2,5,9,1,3,8,5,5
97,2,6,6,7,8,7,2,4
97,3,1,2,2,5,2,3,3
97,3,2,6,1,7,4,1,3
97,3,3,8,1,8,8,2,7
97,3,4,9,9,2,5,2,5
97,3,5,6,10,8,6,10,6
97,3,6,7,9,3,9,10,5
97,4,1,9,9,6,2,3,4
97,4,2,7,7,5,4,3,5
97,4,3,5,3,6,3,10,1
97,4,4,9,3,7,6,7,6
97,4,5,6,5,6,6,9,6
97,4,6,8,1,10,3,5,8
98,1,1,9,2,5,6,6,3
98,1,2,8,6,8,10,8,8
98,1,3,3,2,10,6,4,2
98,1,4,10,8,10,7,3,10
98,1,5,5,2,4,7,1,8
98,1,6,6,3,4,2,6,8
98,2,1,7,5,10,4,2,8
98,2,2,8,6,4,3,5,1
98,2,3,9,5,2,10,1,6
98,2,4,2,7,8,8,6,1
98,2,5,6,1,5,9,1,5
98,2,6,7,6,9,7,9,5
98,3,1,1,8,3,9,5,9
98,3,2,7,3,4,7,10,9
98,3,3,2,2,6,2,3,7
98,3,4,8,2,3,3,2,6
98,3,5,1,6,7,10,9,10
98,3,6,5,8,4,6,4,9
98,4,1,8,8,4,3,1,6
98,4,2,7,10,6,1,6,5
98,4,3,10,7,6,9,7,3
98,4,4,10,7,3,4,8,1
98,4,5,2,6,10,1,9,7
98,4,6,1,1,10,2,8,10
99,1,1,8,6,4,5,8,10
99,1,2,9,10,3,2,10,4
99,1,3,7,6,7,10,4,4
99,1,4,5,8,6,3,10,8
99,1,5,7,8,1,2,9,7
99,1,6,3,1,9,5,4,3
99,2,1,1,6,8,9,3,4
99,2,2,3,10,10,5,10,1
99,2,3,6,8,6,8,3,6
99,2,4,9,10,1,2,9,5
99,2,5,6,10,7,7,5,9
99,2,6,6,3,10,3,3,10
99,3,1,2,8,9,10,9,4
99,3,2,6,3,10,2,9,6
99,3,3,8,2,3,3,4,1
99,3,4,8,7,9,1,9,9
99,3,5,1,5,4,9,6,1
99,3,6,8,2,6,5,7,4
99,4,1,7,8,10,8,5,10
99,4,2,3,4,7,10,6,8
99,4,3,3,3,4,3,1,6
99,4,4,5,7,5,3,9,3
99,4,5,1,4,2,1,2,3
99,4,6,1,8,5,9,6,3
100,1,1,3,7,4,9,10,9
100,1,2,2,7,6,2,4,10
100,1,3,2,3,3,10,7,10
100,1,4,10,10,3,4,5,4
100,1,5,9,4,7,3,10,3
100,1,6,8,6,8,4,6,5
100,2,1,9,2,1,1,5,9
100,2,2,6,4,5,2,10,3
100,2,3,8,1,2,2,1,10
100,2,4,4,5,8,6,2,6
100,2,5,5,3,9,7,9,5
100,2,6,6,1,4,6,8,10
100,3,1,5,7,9,10,2,4
100,3,2,2,3,5,2,6,5
100,3,3,9,9,2,7,4,6
100,3,4,4,4,3,5,2,9
100,3,5,5,4,3,9,10,3
100,3,6,4,4,5,10,5,8
100,4,1,2,9,8,6,5,1
100,4,2,3,10,6,3,8,1
100,4,3,9,6,2,3,2,6
100,4,4,9,6,8,4,5,6
100,4,5,10,5,3,2,1,6
100,4,6,2,8,7,10,2,2
101,1,1,8,4,8,6,3,5
101,1,2,1,1,9,7,2,2
101,1,3,5,9,4,4,4,1
101,1,4,6,9,8,10,1,4
101,1,5,9,6,3,10,4,1
101,1,6,8,6,5,2,9,2
101,2,1,9,6,1,7,6,9
101,2,2,8,4,3,5,4,7
101,2,3,1,7,2,2,9,6
101,2,4,2,6,9,10,4,9
101,2,5,9,2,3,6,5,5
101,2,6,9,9,3,4,1,5
101,3,1,4,2,8,4,2,9
101,3,2,6,9,7,2,9,2
101,3,3,7,3,4,9,8,10
101,3,4,6,6,7,9,4,8
101,3,5,4,3,10,8,10,6
101,3,6,7,4,1,8,2,4
101,4,1,8,7,9,7,10,9
101,4,2,2,2,2,1,2,8
101,4,3,3,4,6,4,6,2
101,4,4,3,5,4,6,2,2
101,4,5,4,2,1,7,8,6
101,4,6,6,9,8,5,4,3
102,1,1,7,6,3,6,1,8
102,1,2,9,10,9,7,3,10
102,1,3,5,4,3,7,8,8
102,1,4,7,2,7,1,5,1
102,1,5,7,3,2,8,10,9
102,1,6,10,8,2,10,1,2
102,2,1,4,1,7,4,8,7
102,2,2,6,2,9,5,3,2
102,2,3,6,5,5,4,3,4
102,2,4,7,3,8,5,3,9
102,2,5,4,7,9,5,2,5
102,2,6,6,5,6,8,6,1
102,3,1,9,9,7,1,8,2
102,3,2,1,8,2,8,2,4
102,3,3,1,5,4,1,7,7
102,3,4,7,10,2,3,3,9
102,3,5,6,5,5,7,1,6
102,3,6,2,8,7,4,5,5
102,4,1,2,6,10,3,6,6
102,4,2,7,5,9,10,6,8
102,4,3,4,2,4,8,2,9
102,4,4,9,6,7,4,9,10
102,4,5,6,7,9,5,6,8
102,4,6,1,8,5,2,3,4
103,1,1,10,2,6,1,5,5
103,1,2,10,5,1,3,6,10
103,1,3,1,10,9,6,6,6
103,1,4,8,9,8,7,5,1
103,1,5,8,7,7,9,6,3
103,1,6,5,7,6,2,6,9
103,2,1,4,4,1,1,4,3
103,2,2,5,6,10,3,4,4
103,2,3,6,4,1,2,9,1
103,2,4,4,5,2,7,10,7
103,2,5,7,1,1,6,4,8
103,2,6,4,2,4,8,7,1
103,3,1,2,2,5,4,4,10
103,3,2,2,1,9,5,5,6
103,3,3,1,5,10,4,9,1
103,3,4,8,10,6,3,2,7
103,3,5,2,6,5,9,1,9
103,3,6,2,5,4,2,7,3
103,4,1,3,4,2,2,4,10
103,4,2,5,2,3,6,3,5
103,4,3,10,8,5,5,1,8
103,4,4,1,3,9,7,10,6
103,4,5,3,5,6,1,8,2
103,4,6,2,8,6,8,6,6
104,1,1,10,2,8,6,9,7
104,1,2,6,10,3,7,6,8
104,1,3,7,1,8,6,3,4
104,1,4,6,3,5,4,5,1
104,1,5,9,4,1,7,9,5
104,1,6,8,10,5,4,2,5
104,2,1,7,10,4,5,10,6
104,2,2,7,5,5,1,9,3
104,2,3,4,9,7,5,2,3
104,2,4,9,5,9,10,4,4
104,2,5,2,2,2,3,6,7
104,2,6,9,8,6,9,8,4
104,3,1,4,1,1,7,6,5
104,3,2,7,5,6,4,6,7
104,3,3,10,9,9,2,9,3
104,3,4,3,7,7,4,7,2
104,3,5,3,8,4,10,6,7
104,3,6,8,7,6,1,10,4
104,4,1,7,6,4,7,9,4
104,4,2,1,2,10,10,2,2
104,4,3,6,5,1,2,5,9
104,4,4,10,7,6,4,5,10
104,4,5,6,6,4,1,10,10
104,4,6,8,3,3,4,7,5
105,1,1,3,6,6,6,4,4
105,1,2,6,6,4,6,1,9
105,1,3,3,1,7,7,8,5
105,1,4,8,4,3,7,4,7
105,1,5,8,1,7,2,4,3
105,1,6,5,7,3,1,9,2
105,2,1,8,5,6,10,4,9
105,2,2,6,5,1,6,10,3
105,2,3,3,3,5,2,8,10
105,2,4,5,8,8,1,6,8
105,2,5,1,8,4,7,9,7
105,2,6,8,3,6,7,2,5
105,3,1,5,10,4,5,2,9
105,3,2,3,8,7,10,3,4
105,3,3,3,4,3,3,9,8
105,3,4,2,7,2,3,9,9
105,3,5,1,2,1,2,8,10
105,3,6,4,9,5,9,8,10
105,4,1,9,3,9,4,6,9
105,4,2,8,7,5,9,8,3
105,4,3,5,3,8,9,10,2
105,4,4,2,4,7,7,5,9
105,4,5,1,8,10,5,9,4
105,4,6,7,2,7,2,6,4
106,1,1,1,10,1,4,9,3
106,1,2,6,4,3,1,4,1
106,1,3,9,2,10,7,8,3
106,1,4,3,8,2,6,6,6
106,1,5,5,2,5,3,3,7
106,1,6,9,3,2,10,3,3
106,2,1,2,9,3,1,7,5
106,2,2,8,8,4,3,3,5
106,2,3,5,7,2,10,1,1
106,2,4,7,6,1,5,4,10
106,2,5,9,1,4,7,8,9
106,2,6,3,1,9,3,3,2
106,3,1,8,5,5,8,3,3
106,3,2,6,7,1,9,5,10
106,3,3,1,6,9,3,10,1
106,3,4,6,4,3,5,10,1
106,3,5,9,8,2,2,4,8
106,3,6,7,9,10,5,10,3
106,4,1,7,5,6,5,10,8
106,4,2,3,2,4,5,7,5
106,4,3,1,8,1,1,7,8
106,4,4,8,9,6,2,4,5
106,4,5,3,9,10,3,4,4
106,4,6,4,5,9,4,4,10
107,1,1,7,8,5,1,5,9
107,1,2,7,8,8,4,2,10
107,1,3,1,8,10,4,7,8
107,1,4,7,2,5,8,1,6
107,1,5,5,1,10,2,7,9
107,1,6,4,8,3,1,2,9
107,2,1,1,6,2,10,3,8
107,2,2,3,8,6,2,4,3
107,2,3,8,10,5,9,1,2
107,2,4,4,1,7,6,3,4
107,2,5,8,2,1,1,6,4
107,2,6,6,8,5,9,1,8
107,3,1,9,7,4,2,2,1
107,3,2,5,10,9,2,5,6
107,3,3,4,2,4,10,4,5
107,3,4,8,2,9,5,1,7
107,3,5,1,6,3,5,2,6
107,3,6,3,8,4,1,10,5
107,4,1,1,10,8,6,8,1
107,4,2,3,5,7,9,6,10
107,4,3,9,8,3,3,6,9
107,4,4,6,2,9,5,3,1
107,4,5,5,5,10,1,10,4
107,4,6,1,4,5,3,2,4
108,1,1,4,5,2,4,5,3
108,1,2,9,6,8,8,5,8
108,1,3,2,3,8,8,5,6
108,1,4,9,10,8,5,6,6
108,1,5,5,5,5,7,6,10
108,1,6,5,10,6,5,3,9
108,2,1,3,9,2,4,7,6
108,2,2,6,10,1,4,7,2
108,2,3,6,3,4,1,4,5
108,2,4,9,6,2,8,9,1
108,2,5,3,8,1,2,1,6
108,2,6,6,3,10,2,1,10
108,3,1,8,8,6,3,7,5
108,3,2,3,2,6,8,2,3
108,3,3,6,5,4,4,2,5
108,3,4,10,2,5,6,4,1
108,3,5,9,5,4,2,6,4
108,3,6,7,8,4,1,1,10
108,4,1,3,7,4,8,2,9
108,4,2,8,7,1,6,9,4
108,4,3,1,6,7,2,4,7
108,4,4,8,3,4,3,4,10
108,4,5,4,6,9,2,4,8
108,4,6,1,8,3,7,5,2
109,1,1,6,7,6,9,2,2
109,1,2,8,7,8,10,3,9
109,1,3,3,3,7,5,6,1
109,1,4,6,8,2,3,5,7
109,1,5,8,7,5,2,9,5
109,1,6,6,5,7,10,8,5
109,2,1,8,5,2,4,5,7
109,2,2,10,6,6,1,3,6
109,2,3,7,1,8,8,8,3
109,2,4,8,10,8,9,7,5
109,2,5,2,2,7,9,10,2
109,2,6,4,3,2,10,8,7
109,3,1,8,2,10,6,5,9
109,3,2,9,3,4,7,10,10
109,3,3,8,4,7,3,8,3
109,3,4,4,2,4,6,1,5
109,3,5,7,3,10,3,8,5
109,3,6,4,2,4,9,10,5
109,4,1,9,2,8,6,10,3
109,4,2,2,3,2,10,5,10
109,4,3,7,4,1,5,1,10
109,4,4,10,9,4,5,10,7
109,4,5,3,10,9,3,4,8
109,4,6,5,9,6,7,8,7
110,1,1,8,2,4,1,3,8
110,1,2,6,5,1,6,8,7
110,1,3,7,8,4,9,10,9
110,1,4,5,9,4,6,4,7
110,1,5,7,2,8,5,9,5
110,1,6,5,10,8,6,8,1
110,2,1,8,1,6,9,5,4
110,2,2,9,4,5,7,4,3
110,2,3,9,7,7,10,2,3
110,2,4,6,5,3,4,7,5
110,2,5,1,5,1,9,7,3
110,2,6,8,6,10,7,7,5
110,3,1,7,7,6,5,5,3
110,3,2,10,5,8,5,5,5
110,3,3,2,4,7,6,10,8
110,3,4,1,5,6,7,1,1
110,3,5,9,9,8,4,2,10
110,3,6,10,6,9,2,6,9
110,4,1,7,1,7,3,9,7
110,4,2,3,3,3,5,1,2
110,4,3,5,5,10,1,4,5
110,4,4,1,9,1,9,6,8
110,4,5,5,1,1,4,3,1
110,4,6,4,3,3,2,1,1
111,1,1,10,7,8,10,5,7
111,1,2,9,6,2,10,9,5
111,1,3,3,6,10,6,4,10
111,1,4,3,2,2,9,3,2
111,1,5,10,8,4,8,6,6
111,1,6,7,4,6,4,1,5
111,2,1,8,4,9,3,2,6
111,2,2,2,7,5,5,7,7
111,2,3,10,9,10,4,1,2
111,2,4,6,5,8,7,8,4
111,2,5,9,5,8,4,1,6
111,2,6,8,3,6,2,9,6
111,3,1,3,7,3,9,1,3
111,3,2,2,4,2,9,4,3
111,3,3,1,1,2,4,9,1
111,3,4,8,2,10,6,4,1
111,3,5,9,10,8,3,8,4
111,3,6,6,10,7,7,5,9
111,4,1,9,2,1,7,2,1
111,4,2,10,2,10,2,7,5
111,4,3,10,5,8,10,2,6
111,4,4,6,1,7,5,4,9
111,4,5,7,3,8,4,2,10
111,4,6,6,8,8,3,10,4
112,1,1,3,7,3,9,5,7
112,1,2,5,2,1,8,9,2
112,1,3,6,7,7,2,7,6
112,1,4,2,7,2,3,6,3
112,1,5,4,10,6,9,4,4
112,1,6,6,6,9,2,4,2
112,2,1,4,4,2,1,9,7
112,2,2,3,1,2,6,1,6
112,2,3,1,4,8,5,10,4
112,2,4,9,3,10,4,9,2
112,2,5,3,10,9,10,5,3
112,2,6,1,8,2,1,4,3
112,3,1,5,9,3,2,5,4
112,3,2,6,2,4,6,8,2
112,3,3,10,8,3,3,3,3
112,3,4,1,10,8,3,5,8
112,3,5,10,2,3,4,2,10
112,3,6,7,10,4,4,4,1
112,4,1,4,3,5,6,8,10
112,4,2,8,1,5,3,6,9
112,4,3,1,9,7,5,1,4
112,4,4,5,3,1,2,1,3
112,4,5,6,5,2,4,10,2
112,4,6,7,4,4,8,8,8
113,1,1,1,2,10,3,10,3
113,1,2,8,3,5,5,6,10
113,1,3,5,3,5,8,6,8
113,1,4,2,9,3,5,4,3
113,1,5,4,1,8,4,1,4
113,1,6,7,2,2,7,5,8
113,2,1,7,4,8,4,9,6
113,2,2,1,2,8,7,10,10
113,2,3,1,9,2,3,1,7
113,2,4,4,1,10,1,7,9
113,2,5,10,5,5,4,7,5
113,2,6,6,4,1,6,5,4
113,3,1,9,9,9,6,5,9
113,3,2,9,2,9,6,10,4
113,3,3,1,7,5,7,1,10
113,3,4,6,6,4,6,1,10
113,3,5,7,1,5,7,2,6
113,3,6,7,9,7,10,5,7
113,4,1,9,2,9,6,8,8
113,4,2,6,8,4,10,8,10
113,4,3,8,9,10,4,4,4
113,4,4,5,8,3,6,2,5
113,4,5,1,5,9,3,3,8
113,4,6,2,8,5,1,9,9
114,1,1,7,9,6,7,10,9
114,1,2,5,2,1,7,1,3
114,1,3,6,8,9,2,8,9
114,1,4,2,7,1,5,8,10
114,1,5,8,10,9,9,9,2
114,1,6,3,6,7,2,4,5
114,2,1,5,9,5,1,1,10
114,2,2,9,6,1,6,3,6
114,2,3,4,3,1,5,4,8
114,2,4,3,4,8,7,5,3
114,2,5,6,10,6,6,7,6
114,2,6,3,1,4,3,1,8
114,3,1,1,5,1,3,6,3
114,3,2,3,10,7,4,2,6
114,3,3,4,9,5,6,4,10
114,3,4,8,8,5,9,7,3
114,3,5,1,7,10,8,10,10
114,3,6,10,6,3,6,7,7
114,4,1,2,9,2,8,4,10
114,4,2,10,9,4,5,1,8
114,4,3,6,4,6,7,8,4
114,4,4,3,4,3,10,9,5
114,4,5,3,5,4,6,2,7
114,4,6,1,5,6,6,5,2
115,1,1,8,5,7,6,3,1
115,1,2,10,6,8,4,7,1
115,1,3,8,4,9,3,3,10
115,1,4,9,2,9,10,6,4
115,1,5,4,8,5,3,2,4
115,1,6,2,10,2,1,3,1
115,2,1,1,3,1,6,10,8
115,2,2,1,1,3,6,2,1
115,2,3,7,10,10,9,1,6
115,2,4,10,10,10,10,10,1
115,2,5,9,9,10,5,2,4
115,2,6,9,4,9,1,3,10
115,3,1,2,1,2,1,7,8
115,3,2,10,6,2,7,8,6
115,3,3,7,6,2,3,10,2
115,3,4,3,10,10,4,10,1
115,3,5,9,5,3,7,7,4
115,3,6,9,5,10,1,5,9
115,4,1,1,10,3,6,3,1
115,4,2,9,1,5,4,7,9
115,4,3,7,3,5,4,7,6
115,4,4,9,6,9,10,2,6
115,4,5,7,10,3,3,3,3
115,4,6,1,5,1,1,8,5
116,1,1,7,7,6,7,9,7
116,1,2,8,4,3,7,2,1
116,1,3,4,4,4,4,4,2
116,1,4,7,10,4,1,10,7
116,1,5,9,10,8,9,6,5
116,1,6,6,6,7,4,7,2
116,2,1,3,8,8,9,6,10
116,2,2,3,9,10,2,9,7
116,2,3,6,10,9,2,6,2
116,2,4,7,2,5,5,1,5
116,2,5,5,8,7,3,8,9
116,2,6,8,4,2,7,3,4
116,3,1,2,2,10,7,4,7
116,3,2,9,10,1,10,7,6
116,3,3,9,5,10,9,5,9
116,3,4,1,1,3,3,1,5
116,3,5,7,9,1,1,4,8
116,3,6,3,7,8,9,8,9
116,4,1,7,5,9,5,1,3
116,4,2,2,5,9,5,1,10
116,4,3,2,1,2,7,6,8
116,4,4,3,1,6,6,10,2
116,4,5,4,1,5,7,8,7
116,4,6,9,9,10,10,7,4
117,1,1,9,9,2,10,3,9
117,1,2,6,7,8,5,6,2
117,1,3,10,8,6,2,4,10
117,1,4,5,4,4,2,9,7
117,1,5,7,3,3,10,7,3
117,1,6,7,1,3,9,9,5
117,2,1,10,9,5,4,2,2
117,2,2,3,4,8,7,10,3
117,2,3,3,8,10,1,3,7
117,2,4,4,4,4,9,6,10
117,2,5,9,10,5,5,1,2
117,2,6,6,3,8,1,3,2
117,3,1,3,5,4,1,9,3
117,3,2,10,3,4,3,2,7
117,3,3,5,4,1,9,2,9
117,3,4,2,3,10,9,2,7
117,3,5,3,8,7,1,1,9
117,3,6,10,5,3,2,4,1
117,4,1,7,7,2,9,5,3
117,4,2,10,10,1,3,2,10
117,4,3,7,5,2,5,8,2
117,4,4,6,5,9,3,5,7
117,4,5,6,3,2,9,7,3
117,4,6,10,6,7,10,3,3
118,1,1,9,6,6,6,1,10
118,1,2,2,2,4,10,6,3
118,1,3,8,3,2,5,8,1
118,1,4,8,1,5,2,7,4
118,1,5,10,10,6,1,9,10
118,1,6,9,5,4,10,6,3
118,2,1,6,2,9,2,4,5
118,2,2,1,1,4,1,8,9
118,2,3,9,7,5,2,10,9
118,2,4,4,3,6,7,8,4
118,2,5,7,1,4,3,3,10
118,2,6,4,5,10,2,3,9
118,3,1,9,9,4,9,7,2
118,3,2,3,6,5,10,10,6
118,3,3,5,8,10,2,1,1
118,3,4,1,5,6,7,4,6
118,3,5,2,6,9,10,4,3
118,3,6,4,6,8,10,1,2
118,4,1,6,10,2,6,2,1
118,4,2,1,2,4,6,5,8
118,4,3,7,8,6,6,8,2
118,4,4,6,5,6,8,10,2
118,4,5,5,9,3,10,7,1
118,4,6,8,7,1,7,2,1
119,1,1,7,1,9,9,7,9
119,1,2,6,7,7,8,6,1
119,1,3,4,1,6,4,7,1
119,1,4,6,10,9,10,1,5
119,1,5,1,10,6,2,3,9
119,1,6,10,6,10,5,3,4
119,2,1,1,3,6,1,10,9
119,2,2,10,5,2,9,1,4
119,2,3,8,5,6,10,4,9
119,2,4,10,1,5,5,6,5
119,2,5,5,9,8,4,4,3
119,2,6,8,10,1,8,5,5
119,3,1,10,5,2,6,4,8
119,3,2,7,3,5,4,5,5
119,3,3,7,7,5,2,1,6
119,3,4,1,7,2,9,1,6
119,3,5,9,5,6,6,9,4
119,3,6,2,1,1,7,2,9
119,4,1,2,10,4,4,3,6
119,4,2,9,7,8,7,8,1
119,4,3,9,10,4,5,7,5
119,4,4,5,4,2,8,10,6
119,4,5,1,10,1,9,4,6
119,4,6,2,10,2,9,9,4
120,1,1,4,10,4,9,1,8
120,1,2,5,5,8,4,7,3
120,1,3,8,8,10,2,6,8
120,1,4,7,6,9,3,1,7
120,1,5,4,7,1,6,3,9
120,1,6,6,8,10,8,2,5
120,2,1,8,10,7,6,4,3
120,2,2,7,2,9,1,10,2
120,2,3,10,3,6,6,6,4
120,2,4,4,5,8,9,6,3
120,2,5,6,3,6,6,5,9
120,2,6,6,4,9,8,2,9
120,3,1,8,2,8,5,7,9
120,3,2,2,9,4,6,10,6
120,3,3,9,5,8,1,9,1
120,3,4,2,3,7,6,5,2
120,3,5,6,3,1,5,4,7
120,3,6,3,10,3,1,9,7
120,4,1,2,8,6,4,8,1
120,4,2,7,10,1,1,2,9
120,4,3,4,5,3,6,9,5
120,4,4,2,5,5,4,1,9
120,4,5,10,3,10,5,10,1
120,4,6,2,5,7,8,3,8
121,1,1,8,6,7,1,4,6
121,1,2,9,5,10,2,6,2
121,1,3,7,10,10,7,2,1
121,1,4,2,6,10,1,10,1
121,1,5,9,7,10,10,10,8
121,1,6,3,2,9,6,7,4
121,2,1,6,8,2,4,7,7
121,2,2,7,10,8,2,5,9
121,2,3,7,8,10,6,6,10
121,2,4,9,8,1,8,7,3
121,2,5,2,10,1,9,6,1
121,2,6,1,1,3,10,2,8
121,3,1,4,7,5,8,8,1
121,3,2,2,7,1,9,1,6
121,3,3,4,9,8,5,2,6
121,3,4,10,2,9,5,4,8
121,3,5,2,10,9,7,6,5
121,3,6,5,4,1,8,3,7
121,4,1,4,5,1,1,1,7
121,4,2,8,6,6,4,5,3
121,4,3,8,10,5,4,1,2
121,4,4,4,5,7,3,9,4
121,4,5,10,2,3,6,5,2
121,4,6,6,8,10,4,3,1
122,1,1,3,3,8,4,9,2
122,1,2,2,8,7,4,7,10
122,1,3,7,3,10,2,3,3
122,1,4,3,10,3,8,1,5
122,1,5,2,9,4,3,10,4
122,1,6,9,6,4,8,4,7
122,2,1,7,9,10,2,4,5
122,2,2,3,5,7,9,6,6
122,2,3,8,5,2,6,2,1
122,2,4,8,9,4,1,8,3
122,2,5,7,8,7,10,6,7
122,2,6,10,8,3,8,10,10
122,3,1,1,6,3,10,4,1
122,3,2,4,9,3,7,7,9
122,3,3,4,9,7,1,4,10
122,3,4,8,7,10,6,3,9
122,3,5,9,5,9,1,7,5
122,3,6,8,2,3,3,10,7
122,4,1,9,3,7,4,10,9
122,4,2,8,1,9,10,6,2
122,4,3,4,4,6,7,9,3
122,4,4,2,7,8,1,5,4
122,4,5,3,2,8,8,2,6
122,4,6,6,8,3,2,8,2
123,1,1,4,10,10,6,6,10
123,1,2,8,9,5,7,1,7
123,1,3,10,10,8,9,6,3
123,1,4,4,7,10,8,7,2
123,1,5,4,7,7,5,5,5
123,1,6,5,3,1,7,7,1
123,2,1,5,6,7,3,9,6
123,2,2,6,6,4,1,10,1
123,2,3,6,2,1,4,8,1
123,2,4,1,5,7,4,5,9
123,2,5,5,5,1,6,10,3
123,2,6,4,7,4,1,9,3
123,3,1,5,8,1,4,6,1
123,3,2,8,8,3,8,7,8
123,3,3,10,7,2,5,10,1
123,3,4,3,5,8,4,9,7
123,3,5,2,10,9,3,9,2
123,3,6,1,1,1,10,4,4
123,4,1,10,8,5,4,10,10
123,4,2,1,6,4,4,2,1
123,4,3,2,1,1,9,9,6
123,4,4,9,4,1,10,5,2
123,4,5,9,2,2,1,2,5
123,4,6,2,4,6,3,10,7
124,1,1,5,5,7,5,3,3
124,1,2,4,9,1,6,5,3
124,1,3,2,7,2,4,1,9
124,1,4,7,10,8,3,1,4
124,1,5,2,3,2,10,2,5
124,1,6,8,5,9,6,2,6
124,2,1,6,4,8,10,6,7
124,2,2,2,4,1,3,10,3
124,2,3,8,4,4,10,1,8
124,2,4,1,5,6,2,8,3
124,2,5,1,3,5,7,3,6
124,2,6,3,4,2,9,8,6
124,3,1,2,8,7,9,9,3
124,3,2,5,3,3,9,1,3
124,3,3,9,3,9,7,2,8
124,3,4,7,5,9,8,7,3
124,3,5,8,8,4,3,9,8
124,3,6,8,2,2,7,2,9
124,4,1,8,2,4,10,3,1
124,4,2,7,7,5,7,4,10
124,4,3,2,10,8,6,8,4
124,4,4,10,5,9,4,9,8
124,4,5,2,7,5,3,6,6
124,4,6,2,10,10,7,10,2
125,1,1,1,10,10,7,2,5
125,1,2,9,3,3,7,7,8
125,1,3,4,1,7,1,4,10
125,1,4,5,5,6,3,8,10
125,1,5,3,8,3,2,2,2
125,1,6,7,5,4,3,3,3
125,2,1,8,7,1,6,1,9
125,2,2,8,1,2,1,4,7
125,2,3,8,8,7,4,1,8
125,2,4,10,7,3,8,9,7
125,2,5,6,6,2,3,10,6
125,2,6,4,7,5,4,2,10
125,3,1,1,1,9,6,4,1
125,3,2,8,10,1,8,1,10
125,3,3,10,6,8,4,8,5
125,3,4,5,10,8,9,10,6
125,3,5,3,5,10,5,3,5
125,3,6,7,8,9,6,3,10
125,4,1,5,3,6,2,9,5
125,4,2,2,7,4,2,6,8
125,4,3,1,3,6,4,7,5
125,4,4,1,7,3,10,10,2
125,4,5,4,2,10,6,3,3
125,4,6,8,2,5,8,5,7
