id,archer id,competition id,equipment
1,2362,2,2
2,2815,3,5
3,2622,10,5
4,1044,9,5
5,1645,5,2
6,1740,9,4
7,1314,11,3
8,1873,12,5
9,158,5,2
10,97,2,4
11,318,11,3
12,2285,2,4
13,325,13,1
14,271,8,4
15,1067,13,2
16,2498,12,3
17,2972,9,2
18,2900,8,3
19,727,12,5
20,979,1,1
21,2644,6,3
22,615,1,1
23,2920,9,3
24,1992,2,1
25,1163,7,1
26,2261,1,1
27,1939,8,4
28,2754,2,4
29,1149,11,1
30,491,8,4
31,1982,6,4
32,2458,12,4
33,2112,12,4
34,1690,8,2
35,332,9,1
36,1173,5,5
37,1346,10,2
38,1652,2,4
39,2749,12,3
40,865,11,4
41,1802,8,3
42,2105,5,5
43,274,3,3
44,2726,12,4
45,368,10,5
46,1965,13,4
47,1751,6,5
48,1001,9,3
49,2781,4,3
50,2961,11,5
51,518,8,5
52,266,11,1
53,281,7,4
54,2855,4,3
55,2476,4,1
56,1215,10,4
57,866,7,4
58,2277,11,1
59,2416,5,1
60,336,6,4
61,2035,4,3
62,921,12,2
63,1027,5,2
64,1446,9,4
65,494,2,3
66,2220,8,3
67,1714,1,2
68,1833,7,1
69,2770,5,4
70,2850,9,3
71,116,4,1
72,643,11,3
73,999,13,3
74,2928,7,5
75,1425,6,4
76,756,5,4
77,2019,9,4
78,302,2,4
79,2681,5,1
80,2712,6,5
81,2919,3,3
82,2223,10,4
83,533,3,1
84,1507,11,3
85,667,12,4
86,680,1,4
87,1164,11,2
88,294,12,1
89,1482,6,5
90,650,8,4
91,2442,3,2
92,821,5,4
93,254,9,3
94,984,4,3
95,952,2,4
96,2662,11,2
97,1088,5,4
98,2779,9,1
99,638,2,4
100,2582,2,4
101,2065,12,4
102,1947,9,2
103,437,12,3
104,2310,2,4
105,2423,3,5
106,1474,10,4
107,1462,4,4
108,2220,5,2
109,2533,6,3
110,74,13,1
111,2213,9,5
112,1139,12,3
113,1423,2,2
114,347,6,5
115,2570,3,2
116,1982,4,4
117,1979,4,2
118,2685,5,4
119,271,2,2
120,55,13,2
121,899,5,1
122,2373,7,1
123,1008,13,5
124,75,6,1
125,1956,6,5
126,1886,3,2
127,2561,7,3
128,2952,3,2
129,1101,9,2
130,1878,13,5
131,643,8,2
132,2113,2,3
133,689,12,1
134,2182,1,2
135,2521,3,1
136,1867,2,4
137,2304,1,2
138,1517,9,4
139,598,7,1
140,2385,13,4
141,2479,12,5
142,1876,11,4
143,622,9,3
144,2892,10,3
145,503,8,4
146,2623,11,2
147,602,8,5
148,2166,3,5
149,593,13,1
150,2173,12,5
151,1857,9,3
152,415,3,5
153,1379,3,2
154,2373,7,2
155,1723,1,1
156,2444,11,4
157,2913,13,2
158,1314,12,3
159,1561,13,5
160,2307,10,3
161,232,6,2
162,2142,7,4
163,286,6,1
164,2519,10,5
165,488,2,2
166,2248,1,1
167,999,2,2
168,1109,2,4
169,172,3,2
170,1719,8,5
171,1249,3,5
172,254,10,3
173,2927,6,1
174,413,2,3
175,2341,6,4
176,1270,7,2
177,1541,10,3
178,313,10,5
179,1728,12,5
180,2699,10,3
181,925,4,3
182,2514,2,1
183,2478,8,2
184,1739,10,3
185,1433,3,1
186,164,8,5
187,600,13,4
188,320,10,1
189,382,9,4
190,2110,4,5
191,2041,5,5
192,1644,8,1
193,1677,3,5
194,2358,4,5
195,2448,7,3
196,41,2,3
197,628,8,2
198,124,5,5
199,1964,12,2
200,1906,10,2
201,282,8,2
202,844,8,3
203,1966,2,2
204,2816,12,4
205,2087,9,1
206,1620,13,1
207,2458,13,3
208,2363,11,5
209,2466,11,1
210,1917,4,4
211,1296,9,3
212,1812,12,4
213,2136,6,1
214,1671,12,5
215,1878,1,3
216,2748,1,2
217,1299,7,1
218,925,7,2
219,1659,9,5
220,1974,4,4
221,2982,9,3
222,2525,3,3
223,2823,6,1
224,2016,3,5
225,1274,13,4
226,1040,4,1
227,1667,10,1
228,180,13,3
229,2279,12,4
230,347,5,1
231,830,4,1
232,1039,2,3
233,328,6,1
234,174,10,4
235,1033,10,2
236,1971,9,4
237,2945,2,4
238,2500,13,5
239,1000,4,4
240,90,9,3
241,2664,8,2
242,1349,9,1
243,335,8,4
244,1886,12,1
245,2332,9,2
246,592,11,2
247,2643,12,4
248,192,8,3
249,1197,3,3
250,1098,8,1
251,577,12,4
252,1493,6,2
253,2102,5,3
254,2727,9,4
255,283,5,1
256,788,7,2
257,397,2,1
258,2238,1,5
259,2144,5,3
260,46,12,1
261,276,3,1
262,1197,3,4
263,1133,13,2
264,299,7,5
265,1236,3,3
266,2533,2,1
267,2764,7,4
268,633,13,2
269,2010,13,1
270,89,8,1
271,2553,8,1
272,684,7,4
273,978,12,2
274,37,9,5
275,2383,6,3
276,1793,9,4
277,1646,3,2
278,1703,10,5
279,1479,2,5
280,1208,6,1
281,750,7,5
282,2059,12,1
283,2494,2,1
284,2094,4,4
285,2096,3,3
286,1760,9,5
287,1915,12,2
288,817,4,2
289,409,7,3
290,1503,4,2
291,593,8,3
292,2331,6,5
293,1195,6,2
294,1089,13,1
295,2045,11,5
296,2759,4,4
297,1807,1,2
298,2034,1,1
299,496,8,2
300,1656,13,3
301,715,12,2
302,91,6,4
303,1024,12,4
304,119,1,4
305,122,6,1
306,1690,11,4
307,1631,11,4
308,2996,7,1
309,391,6,4
310,2053,1,1
311,405,7,4
312,2260,12,5
313,376,1,4
314,1771,3,1
315,2287,8,2
316,2418,9,2
317,2297,6,1
318,780,3,3
319,141,11,5
320,38,12,5
321,1490,3,4
322,175,11,2
323,2063,10,5
324,2676,6,4
325,426,9,4
326,166,8,2
327,1210,10,5
328,1999,9,1
329,1491,11,1
330,1778,2,5
331,1269,5,2
332,2831,2,1
333,1840,13,1
334,832,9,1
335,525,8,5
336,929,8,1
337,530,7,4
338,2475,1,5
339,2394,8,5
340,813,6,3
341,184,4,4
342,1443,8,5
343,2262,4,4
344,2926,2,5
345,2718,11,3
346,2753,3,5
347,1575,5,4
348,987,3,3
349,1243,11,4
350,1201,7,3
351,2589,6,1
352,2423,7,2
353,1460,3,5
354,837,3,1
355,2865,8,4
356,968,3,4
357,1976,9,2
358,566,11,2
359,1822,5,2
360,2502,10,3
361,2634,6,4
362,155,5,2
363,1253,5,4
364,503,6,5
365,398,2,1
366,1787,4,3
367,983,4,2
368,1826,8,4
369,2643,13,4
370,2408,11,1
371,155,12,4
372,1278,12,2
373,1576,11,2
374,1480,12,3
375,2713,2,3
376,658,4,4
377,1682,2,4
378,546,7,5
379,237,7,4
380,2779,1,2
381,976,7,3
382,404,11,5
383,1972,5,4
384,687,5,3
385,1319,5,3
386,2320,6,1
387,1357,6,4
388,2769,5,4
389,1077,6,1
390,579,10,5
391,989,2,2
392,2949,10,2
393,2387,9,2
394,2896,12,2
395,1492,1,5
396,45,9,2
397,846,9,1
398,343,3,2
399,2238,5,5
400,2006,2,1
401,1249,3,5
402,1635,3,5
403,262,5,4
404,613,4,1
405,133,5,3
406,1618,10,5
407,703,2,4
408,627,9,2
409,1446,1,1
410,824,2,4
411,1621,10,3
412,781,2,2
413,651,3,3
414,570,10,3
415,1927,8,1
416,865,4,4
417,2445,6,3
418,1792,5,4
419,1339,8,5
420,1194,7,2
421,375,11,3
422,1139,12,2
423,2351,8,1
424,2764,9,4
425,1069,10,1
426,2648,2,5
427,2772,12,4
428,1642,5,1
429,1117,4,4
430,1700,3,3
431,2214,2,4
432,2075,9,2
433,1056,10,2
434,2147,12,1
435,1892,4,4
436,2501,4,1
437,1333,13,4
438,1460,11,1
439,753,4,3
440,226,3,1
441,644,3,4
442,2213,3,3
443,830,5,3
444,960,9,5
445,1984,4,5
446,1207,13,1
447,2240,4,2
448,54,5,2
449,2376,6,1
450,1889,12,2
451,2374,9,4
452,125,2,1
453,2797,5,1
454,2749,10,3
455,2034,5,1
456,2534,1,1
457,415,7,5
458,962,4,3
459,2857,12,1
460,1684,7,4
461,2267,8,3
462,1257,6,3
463,1359,7,1
464,1717,13,1
465,220,11,4
466,2747,6,5
467,246,2,2
468,921,5,1
469,703,5,5
470,523,9,4
471,1694,8,1
472,2626,5,5
473,1119,12,5
474,1842,2,1
475,1286,3,4
476,1203,10,5
477,2736,4,4
478,1724,6,3
479,590,7,4
480,512,9,3
481,2165,8,4
482,625,11,1
483,141,3,5
484,139,3,4
485,2471,2,5
486,1874,10,2
487,922,1,3
488,8,3,5
489,2948,10,5
490,2300,11,4
491,534,13,2
492,1991,8,2
493,1636,6,5
494,1793,3,4
495,2321,12,4
496,2822,12,3
497,323,6,5
498,2684,1,3
499,328,11,2
500,2961,8,4
501,1391,9,1
502,1873,5,5
503,2583,12,3
504,1582,13,3
505,1693,2,3
506,864,3,1
507,1057,1,4
508,1716,8,2
509,1786,8,3
510,1276,13,1
511,2244,11,3
512,985,7,3
513,2367,7,1
514,1455,5,2
515,1537,9,2
516,2997,6,4
517,2029,5,3
518,1218,6,4
519,831,9,3
520,1046,3,2
521,2804,3,5
522,2619,5,4
523,865,5,1
524,1176,5,1
525,961,1,3
526,2907,12,4
527,2755,8,1
528,1890,4,1
529,1005,6,3
530,2282,10,3
531,2139,3,4
532,2826,12,5
533,2988,4,2
534,464,10,4
535,2880,13,5
536,1825,11,2
537,72,10,4
538,2854,7,2
539,705,10,2
540,1441,3,3
541,992,7,5
542,1775,1,5
543,2998,2,3
544,2392,3,2
545,2123,12,3
546,26,3,2
547,1295,4,3
548,974,2,3
549,2370,3,1
550,1339,3,1
551,2088,13,1
552,2138,9,2
553,1671,11,4
554,1130,9,1
555,1606,1,1
556,2619,2,4
557,2235,10,4
558,2778,12,5
559,1929,11,5
560,1601,13,1
561,1395,4,4
562,1525,3,4
563,413,11,2
564,1175,12,1
565,459,12,4
566,665,3,4
567,1856,12,4
568,2796,6,3
569,545,6,3
570,2219,2,1
571,760,7,4
572,2812,10,1
573,1893,5,4
574,1567,4,2
575,1192,10,3
576,1684,1,1
577,2835,3,1
578,1476,10,1
579,1516,9,2
580,163,9,1
581,2744,12,5
582,1733,1,4
583,1708,12,4
584,1828,6,4
585,2670,12,4
586,1581,8,3
587,321,11,3
588,2499,6,3
589,930,4,2
590,2390,3,4
591,403,4,5
592,496,4,2
593,1535,13,1
594,2909,12,2
595,2393,13,2
596,233,13,4
597,1240,3,3
598,894,5,4
599,2296,11,3
600,1291,3,5
601,187,7,4
602,2496,9,5
603,828,9,4
604,89,12,2
605,1969,13,2
606,784,8,3
607,2020,3,2
608,2767,13,1
609,1234,2,2
610,1088,6,3
611,800,3,4
612,2146,1,1
613,1249,11,4
614,906,5,2
615,983,10,5
616,1764,10,1
617,1846,5,1
618,194,13,4
619,1327,2,3
620,1240,12,4
621,2699,2,2
622,2960,9,2
623,2061,12,4
624,2012,4,2
625,1321,13,1
626,2070,10,5
627,2371,5,5
628,1958,11,4
629,2923,11,3
630,189,7,5
631,2451,12,5
632,940,6,4
633,2225,11,1
634,1256,3,1
635,2957,3,2
636,142,2,1
637,52,8,5
638,977,12,5
639,1480,7,3
640,996,12,3
641,1969,3,3
642,2310,2,2
643,151,8,4
644,1816,13,5
645,477,5,1
646,871,7,5
647,2324,6,4
648,1643,6,4
649,1323,9,3
650,2411,3,1
651,2502,8,2
652,290,3,2
653,1915,11,3
654,874,7,1
655,2126,13,1
656,2978,10,5
657,1842,10,4
658,2708,7,2
659,1646,12,2
660,232,8,1
661,2464,5,1
662,1991,11,1
663,1649,13,2
664,302,12,4
665,2337,1,3
666,2271,7,4
667,749,11,1
668,816,7,5
669,911,9,5
670,746,11,4
671,617,13,2
672,846,1,4
673,25,2,1
674,2364,10,5
675,2348,8,1
676,2146,7,1
677,1913,10,5
678,1786,4,4
679,1469,4,3
680,2565,6,5
681,1767,11,2
682,1312,7,3
683,2553,1,4
684,1054,10,3
685,2262,8,4
686,400,9,2
687,1295,2,3
688,673,7,2
689,1979,8,3
690,877,4,3
691,2869,13,3
692,2162,2,2
693,1783,8,1
694,2546,10,3
695,516,6,4
696,2058,12,4
697,724,7,5
698,1023,4,1
699,2859,11,4
700,1468,1,2
701,669,4,1
702,1361,2,5
703,1671,9,4
704,1110,7,3
705,2040,4,5
706,1571,7,3
707,1846,9,4
708,2260,1,3
709,2852,5,4
710,2920,2,2
711,301,5,4
712,2334,1,2
713,584,12,4
714,987,11,4
715,883,5,1
716,174,1,1
717,1372,10,4
718,2588,1,3
719,2240,8,1
720,686,5,1
721,1801,1,2
722,2861,1,4
723,2729,9,3
724,1039,10,2
725,1858,12,3
726,674,9,2
727,708,6,3
728,2133,10,3
729,1789,12,4
730,81,4,5
731,207,3,4
732,39,6,2
733,1711,3,2
734,1066,2,1
735,2510,3,2
736,1311,3,4
737,2659,7,1
738,2360,1,2
739,326,1,5
740,1138,5,2
741,628,3,5
742,295,2,2
743,996,4,5
744,1732,3,3
745,2868,8,3
746,761,3,4
747,2367,9,2
748,822,5,5
749,400,5,4
750,1597,7,1
751,442,5,1
752,2749,9,5
753,1679,10,2
754,1936,4,3
755,1388,4,4
756,557,12,2
757,2133,6,4
758,2283,10,3
759,1592,1,2
760,2378,6,1
761,631,2,1
762,2581,6,1
763,2527,2,3
764,769,4,3
765,338,9,5
766,383,5,2
767,1459,2,4
768,2201,2,3
769,2310,11,3
770,1058,9,5
771,2957,2,5
772,2074,1,2
773,1812,4,1
774,2213,12,1
775,518,8,3
776,1440,10,1
777,1502,9,5
778,2851,8,1
779,1096,5,2
780,642,11,3
781,30,3,3
782,2991,13,1
783,313,8,2
784,2821,3,4
785,237,10,5
786,1189,9,2
787,357,5,3
788,1408,6,5
789,1703,12,1
790,2189,11,1
791,1996,7,4
792,276,9,3
793,2595,8,2
794,838,5,3
795,1503,10,5
796,2059,12,5
797,911,6,3
798,1123,1,1
799,1988,2,5
800,1033,13,2
801,2140,7,5
802,484,5,2
803,822,8,1
804,1674,12,1
805,838,8,5
806,1341,11,5
807,330,12,2
808,1729,9,5
809,1726,8,2
810,2155,3,2
811,197,10,4
812,2521,13,2
813,1241,4,2
814,2415,1,2
815,2297,11,2
816,310,4,3
817,345,3,4
818,2378,3,4
819,2718,13,3
820,2224,8,3
821,586,13,3
822,2165,12,4
823,2647,13,4
824,2957,8,3
825,129,13,2
826,1281,10,5
827,358,13,4
828,1751,6,1
829,2021,13,1
830,2668,8,3
831,142,10,4
832,1672,12,2
833,1582,5,4
834,1452,1,1
835,374,1,5
836,695,4,5
837,989,1,1
838,629,12,2
839,924,6,1
840,1947,9,1
841,2824,2,5
842,413,7,2
843,1535,2,1
844,2296,5,3
845,1856,4,2
846,85,8,1
847,1238,7,5
848,1981,5,2
849,2583,11,1
850,1607,3,2
851,732,13,2
852,1485,13,3
853,2156,5,1
854,469,4,1
855,785,8,1
856,2571,13,5
857,996,11,1
858,1372,6,4
859,1056,13,1
860,1532,6,5
861,770,3,3
862,860,3,1
863,1847,4,1
864,1747,7,3
865,25,13,3
866,1852,13,1
867,1731,8,3
868,145,3,5
869,2018,7,3
870,1634,8,5
871,2485,3,3
872,2965,8,3
873,645,6,4
874,2781,6,4
875,2035,2,2
876,90,8,3
877,2909,1,5
878,1551,13,4
879,937,10,2
880,149,4,5
881,1737,13,5
882,514,9,1
883,546,10,1
884,996,3,5
885,2406,3,5
886,1577,5,1
887,2040,1,1
888,1993,12,3
889,1043,11,4
890,1944,11,1
891,860,8,3
892,1564,6,1
893,1280,3,1
894,1293,8,3
895,2908,9,1
896,421,1,4
897,1915,4,3
898,72,9,4
899,2184,12,1
900,324,10,5
901,8,10,4
902,1821,8,3
903,2917,7,5
904,2924,6,2
905,2607,1,4
906,843,12,3
907,2898,1,4
908,2093,4,2
909,1372,1,2
910,2897,10,5
911,1243,3,1
912,1207,2,5
913,1412,4,3
914,421,1,4
915,1117,12,5
916,1562,2,2
917,571,1,1
918,553,6,5
919,1827,3,3
920,2077,2,1
921,1130,1,3
922,2904,7,2
923,520,7,1
924,547,13,3
925,2726,11,3
926,899,13,4
927,502,7,2
928,549,8,1
929,2852,3,2
930,808,12,5
931,1509,13,5
932,288,4,3
933,1258,13,3
934,2002,10,5
935,180,1,3
936,430,11,4
937,1345,2,1
938,2230,3,1
939,70,4,2
940,762,13,2
941,2114,2,3
942,1032,4,2
943,439,11,2
944,733,2,3
945,1456,3,3
946,1126,11,5
947,1334,6,2
948,2839,12,3
949,1595,11,5
950,997,10,4
951,2496,4,4
952,1310,2,4
953,2892,6,4
954,429,4,4
955,1035,9,2
956,1119,9,3
957,41,5,2
958,579,6,2
959,1429,6,2
960,2221,7,1
961,2596,7,5
962,2004,11,2
963,9,12,2
964,992,5,1
965,389,11,4
966,2003,2,4
967,2771,13,4
968,1239,7,3
969,376,5,1
970,1209,2,3
971,957,12,5
972,1339,4,5
973,2026,6,5
974,2669,6,1
975,1948,12,5
976,1264,2,3
977,393,9,2
978,2960,3,5
979,600,3,2
980,1984,6,1
981,1937,11,1
982,2987,8,5
983,2024,4,3
984,2220,7,2
985,468,6,5
986,1297,10,4
987,2520,7,1
988,2437,4,3
989,231,2,5
990,2785,3,2
991,1501,2,4
992,2139,12,1
993,871,9,4
994,143,5,3
995,969,6,4
996,271,13,1
997,1610,12,1
998,2546,6,2
999,2112,6,4
1000,2107,8,2
1001,2097,9,5
1002,801,1,1
1003,2015,4,3
1004,2130,12,1
1005,2213,1,3
1006,292,10,2
1007,1873,1,2
1008,1938,7,2
1009,2093,3,1
1010,1682,7,5
1011,1831,9,1
1012,1828,1,5
1013,2582,5,1
1014,1430,2,3
1015,199,12,5
1016,1010,1,3
1017,20,3,5
1018,2484,8,2
1019,2910,4,4
1020,469,13,5
1021,803,12,1
1022,1325,3,1
1023,2115,6,1
1024,1574,3,5
1025,1472,3,3
1026,1270,8,4
1027,1589,10,1
1028,597,11,3
1029,1983,7,3
1030,408,3,2
1031,1287,4,2
1032,2828,9,1
1033,179,6,2
1034,345,2,1
1035,1974,5,1
1036,1583,8,3
1037,2078,8,5
1038,2910,3,5
1039,600,4,1
1040,17,4,3
1041,2588,6,5
1042,398,2,1
1043,472,13,3
1044,2874,7,5
1045,2032,13,2
1046,908,6,3
1047,2484,1,3
1048,1929,7,3
1049,1999,10,1
1050,1818,5,1
1051,2613,5,5
1052,2019,13,4
1053,560,4,1
1054,1758,13,5
1055,2410,6,3
1056,954,4,4
1057,1203,12,1
1058,129,9,5
1059,522,3,5
1060,321,2,3
1061,300,2,3
1062,2409,9,3
1063,79,9,2
1064,2914,6,5
1065,2782,9,4
1066,2429,9,5
1067,680,1,2
1068,442,6,2
1069,371,4,3
1070,1526,10,2
1071,1404,10,5
1072,2482,8,3
1073,2864,7,2
1074,423,5,1
1075,1682,9,1
1076,1622,7,4
1077,1000,6,2
1078,449,8,2
1079,91,8,1
1080,887,7,1
1081,1808,9,2
1082,116,3,2
1083,2336,7,1
1084,2236,6,5
1085,98,1,4
1086,720,8,2
1087,147,11,4
1088,1286,10,4
1089,791,4,3
1090,2324,11,5
1091,409,5,1
1092,2954,11,3
1093,2376,8,4
1094,2791,7,3
1095,2147,3,3
1096,1761,13,4
1097,2871,9,5
1098,1432,2,5
1099,697,10,2
1100,134,5,2
1101,2933,13,5
1102,211,13,4
1103,2156,4,3
1104,964,8,5
1105,2227,7,5
1106,371,13,4
1107,1349,12,4
1108,1605,4,2
1109,2509,12,1
1110,514,1,2
1111,1458,7,1
1112,2721,5,2
1113,225,3,4
1114,601,2,2
1115,493,1,5
1116,2495,4,2
1117,2077,6,2
1118,2866,13,2
1119,521,7,2
1120,2939,8,3
1121,760,8,2
1122,350,10,3
1123,1208,7,3
1124,1365,11,4
1125,2729,5,2
1126,2420,4,4
1127,1344,2,2
1128,2816,6,1
1129,1702,3,4
1130,2703,5,4
1131,991,12,2
1132,2021,6,4
1133,1227,5,2
1134,1760,13,2
1135,775,13,5
1136,2514,6,1
1137,2704,7,1
1138,841,10,4
1139,2518,12,2
1140,121,8,1
1141,849,10,1
1142,359,13,2
1143,234,2,3
1144,1669,11,5
1145,1758,9,5
1146,2232,2,2
1147,2537,11,1
1148,2370,1,3
1149,714,10,1
1150,1323,1,2
1151,608,6,4
1152,2148,1,4
1153,1206,13,4
1154,1877,11,5
1155,575,1,5
1156,2809,1,1
1157,2662,3,4
1158,1346,2,2
1159,2995,3,3
1160,2072,7,2
1161,2686,10,2
1162,1748,8,3
1163,471,1,2
1164,1538,12,1
1165,200,7,4
1166,1237,7,5
1167,14,5,5
1168,2502,3,4
1169,1918,4,3
1170,1095,1,3
1171,1107,12,2
1172,263,8,1
1173,1343,12,2
1174,2331,8,4
1175,2666,11,4
1176,2823,13,5
1177,2328,5,2
1178,2746,1,3
1179,2722,9,3
1180,1466,7,5
1181,2601,10,4
1182,1584,1,3
1183,1699,11,3
1184,1153,8,2
1185,271,5,1
1186,2526,9,2
1187,2794,5,1
1188,2769,8,2
1189,2745,12,4
1190,1952,7,2
1191,2834,2,3
1192,1734,11,3
1193,2891,9,3
1194,2519,5,2
1195,597,1,5
1196,1921,8,1
1197,353,5,5
1198,1239,5,2
1199,1331,12,1
1200,775,2,4
1201,827,5,2
1202,2593,8,1
1203,1585,10,2
1204,2718,6,3
1205,168,8,2
1206,1561,9,3
1207,72,1,4
1208,800,9,4
1209,2026,11,1
1210,2314,6,1
1211,394,4,1
1212,692,10,4
1213,1884,2,4
1214,1070,1,2
1215,1208,8,1
1216,2767,8,5
1217,2043,12,4
1218,1220,11,5
1219,2443,4,3
1220,2085,4,2
1221,2031,13,5
1222,1197,7,1
1223,1064,13,3
1224,593,8,2
1225,554,6,2
1226,112,4,4
1227,2165,10,4
1228,1443,1,4
1229,2299,8,5
1230,461,1,3
1231,241,3,4
1232,2208,2,3
1233,2352,8,5
1234,1083,7,3
1235,2963,1,5
1236,2036,1,1
1237,177,3,2
1238,955,13,2
1239,379,11,4
1240,452,4,1
1241,2503,3,1
1242,718,12,2
1243,1621,5,2
1244,1155,11,4
1245,2045,11,5
1246,2928,9,5
1247,1725,1,3
1248,1872,11,5
1249,2971,10,2
1250,1543,6,3
1251,1565,2,5
1252,2959,2,4
1253,1757,2,1
1254,2348,1,5
1255,1679,4,3
1256,1116,3,4
1257,295,3,2
1258,1058,9,4
1259,2774,6,1
1260,19,7,4
1261,1783,13,4
1262,1166,1,4
1263,2997,12,1
1264,845,11,2
1265,433,2,2
1266,2541,2,5
1267,1232,13,4
1268,2322,7,5
1269,1185,10,5
1270,1770,6,2
1271,1066,8,3
1272,469,3,1
1273,2893,12,4
1274,1535,13,2
1275,2700,5,5
1276,3,7,1
1277,1145,11,5
1278,1537,2,4
1279,2352,9,4
1280,1024,6,1
1281,2506,9,1
1282,2902,3,3
1283,2033,7,1
1284,1214,11,1
1285,1774,11,5
1286,2434,12,3
1287,2812,6,4
1288,2015,12,2
1289,2701,4,2
1290,1943,6,5
1291,2432,13,1
1292,492,13,4
1293,1388,4,2
1294,1115,11,4
1295,293,8,4
1296,2003,10,4
1297,1858,7,4
1298,336,11,3
1299,244,12,1
1300,2961,7,1
1301,1948,12,2
1302,1073,4,2
1303,2041,1,1
1304,1268,5,2
1305,1298,12,1
1306,1172,8,1
1307,109,6,4
1308,300,12,1
1309,632,1,3
1310,1635,1,2
1311,456,11,3
1312,2927,2,3
1313,1400,5,3
1314,1659,13,1
1315,2825,3,3
1316,1009,11,4
1317,829,7,5
1318,2809,10,3
1319,782,5,5
1320,1929,4,3
1321,1985,3,1
1322,2113,3,2
1323,423,5,4
1324,588,9,3
1325,2640,1,5
1326,2734,12,3
1327,1253,9,2
1328,1858,11,5
1329,1859,11,2
1330,679,7,2
1331,2217,8,5
1332,2415,11,1
1333,1344,13,4
1334,1955,13,5
1335,135,2,3
1336,1224,4,5
1337,974,4,3
1338,2365,2,5
1339,2259,12,1
1340,1216,7,2
1341,2127,10,2
1342,879,12,2
1343,886,12,5
1344,1105,7,1
1345,1014,3,5
1346,1709,13,3
1347,2800,13,2
1348,1332,7,3
1349,177,13,1
1350,1589,8,5
1351,110,11,5
1352,2311,1,2
1353,1576,9,5
1354,1580,1,4
1355,2533,9,1
1356,1035,2,2
1357,1697,6,3
1358,2097,11,5
1359,1045,10,5
1360,2809,11,1
1361,1581,4,2
1362,1637,10,1
1363,2280,7,4
1364,547,5,4
1365,2390,6,3
1366,1920,12,5
1367,1569,7,1
1368,2579,2,5
1369,547,12,4
1370,621,12,5
1371,2398,10,1
1372,2274,11,5
1373,2222,13,5
1374,1873,6,5
1375,2929,5,4
1376,1779,6,5
1377,2900,11,5
1378,1273,4,3
1379,801,10,4
1380,507,6,2
1381,924,12,3
1382,2585,1,1
1383,174,2,3
1384,345,9,2
1385,2077,3,2
1386,823,5,4
1387,1364,9,2
1388,745,1,3
1389,146,11,3
1390,422,13,3
1391,1311,13,1
1392,722,8,5
1393,1931,13,4
1394,2946,8,1
1395,315,10,4
1396,946,11,4
1397,1288,6,3
1398,1131,8,1
1399,113,5,1
1400,1608,5,4
1401,2752,11,1
1402,2035,11,4
1403,1330,8,3
1404,522,13,1
1405,702,6,5
1406,546,10,4
1407,1309,13,3
1408,2331,10,1
1409,1113,2,3
1410,2205,12,1
1411,237,4,1
1412,1349,4,1
1413,1295,3,5
1414,208,12,5
1415,2550,9,1
1416,2728,9,5
1417,1840,9,3
1418,2389,2,5
1419,2234,11,4
1420,2040,1,3
1421,1465,3,3
1422,2809,11,2
1423,2321,4,4
1424,1684,5,2
1425,2325,4,3
1426,554,1,2
1427,2510,1,3
1428,2811,2,4
1429,2586,12,5
1430,2575,8,2
1431,322,7,1
1432,416,7,5
1433,43,12,1
1434,959,3,3
1435,2070,10,2
1436,2214,11,2
1437,2729,8,5
1438,1653,1,2
1439,2143,4,1
1440,1513,10,5
1441,387,5,4
1442,187,8,4
1443,335,4,1
1444,2010,2,5
1445,1803,12,1
1446,1118,4,5
1447,138,2,2
1448,2948,1,1
1449,2493,7,5
1450,2716,4,2
1451,1409,4,3
1452,2437,3,4
1453,2273,9,2
1454,2799,11,5
1455,426,2,1
1456,2468,2,3
1457,1257,2,2
1458,1782,6,3
1459,1780,5,3
1460,953,10,3
1461,2160,11,4
1462,1079,4,4
1463,1078,6,4
1464,1160,6,1
1465,870,12,5
1466,1907,8,4
1467,1022,12,1
1468,304,3,1
1469,2589,11,2
1470,2970,3,5
1471,478,11,4
1472,670,7,2
1473,1193,2,3
1474,622,4,1
1475,1472,6,4
1476,2897,9,3
1477,2004,5,1
1478,38,13,3
1479,1525,7,4
1480,1298,9,2
1481,1609,6,2
1482,911,1,3
1483,1484,1,5
1484,1433,3,5
1485,2102,9,4
1486,570,3,4
1487,2072,8,1
1488,1971,1,2
1489,987,7,3
1490,552,4,3
1491,992,11,2
1492,1825,10,4
1493,1143,2,5
1494,172,1,1
1495,2443,2,1
1496,2620,3,3
1497,2926,7,4
1498,2668,4,3
1499,1061,3,5
1500,2024,7,3
1501,2972,8,2
1502,243,5,3
1503,2209,8,4
1504,753,5,1
1505,35,4,4
1506,1728,12,2
1507,480,9,1
1508,2529,4,5
1509,2106,7,3
1510,1095,2,5
1511,2398,12,5
1512,295,10,4
1513,2919,7,4
1514,296,4,4
1515,2500,8,3
1516,824,10,4
1517,2244,12,3
1518,2173,10,5
1519,1548,5,5
1520,1762,7,4
1521,1321,12,3
1522,1093,11,4
1523,1595,5,3
1524,1758,3,1
1525,2873,10,5
1526,1885,10,5
1527,243,7,3
1528,1843,9,4
1529,2389,8,2
1530,408,1,1
1531,608,5,4
1532,289,13,3
1533,256,9,1
1534,1749,11,5
1535,1803,12,4
1536,641,9,5
1537,2206,11,1
1538,2768,7,2
1539,461,7,3
1540,2927,7,2
1541,589,13,1
1542,2968,6,3
1543,946,3,4
1544,2437,11,2
1545,2779,11,1
1546,2588,3,5
1547,601,3,3
1548,2715,2,4
1549,1348,5,3
1550,1634,9,1
1551,283,2,2
1552,645,4,5
1553,2567,3,4
1554,2751,8,1
1555,448,13,2
1556,306,10,1
1557,632,2,3
1558,512,8,1
1559,2657,4,4
1560,1200,8,3
1561,201,4,1
1562,1636,7,3
1563,1998,1,3
1564,421,4,2
1565,1076,12,5
1566,2185,3,4
1567,2718,10,3
1568,814,12,4
1569,1259,4,5
1570,1953,6,5
1571,2444,3,4
1572,2617,12,3
1573,289,5,2
1574,806,2,3
1575,1684,5,4
1576,484,8,5
1577,2827,7,3
1578,2378,7,1
1579,2793,8,3
1580,720,9,2
1581,1919,5,5
1582,2048,6,2
1583,117,2,5
1584,2260,11,4
1585,649,9,3
1586,100,6,4
1587,682,8,1
1588,1470,7,4
1589,1280,4,1
1590,1423,11,2
1591,2024,5,2
1592,539,11,4
1593,1223,6,3
1594,1879,1,5
1595,2812,1,3
1596,1360,3,1
1597,1075,7,2
1598,2711,2,3
1599,124,6,3
1600,2607,10,1
1601,1741,11,2
1602,2376,11,1
1603,811,1,4
1604,944,10,2
1605,894,13,3
1606,501,2,2
1607,1613,5,5
1608,445,3,1
1609,848,3,5
1610,1024,3,4
1611,1284,7,4
1612,1384,8,3
1613,2937,12,2
1614,1548,12,5
1615,1629,12,1
1616,1957,8,4
1617,1803,6,4
1618,1317,3,3
1619,747,11,2
1620,1877,11,2
1621,2710,8,4
1622,2265,3,5
1623,1781,8,1
1624,2550,13,4
1625,1905,9,2
1626,1371,1,4
1627,219,5,3
1628,1406,11,5
1629,1470,6,3
1630,315,1,4
1631,1184,7,2
1632,649,3,4
1633,1371,9,1
1634,460,1,1
1635,1942,5,2
1636,162,12,1
1637,18,2,1
1638,225,1,2
1639,127,1,4
1640,1884,5,3
1641,2010,6,3
1642,2842,8,1
1643,2598,3,2
1644,1264,1,2
1645,179,12,5
1646,819,9,4
1647,1687,4,5
1648,1887,12,4
1649,2851,12,3
1650,1618,2,3
1651,63,8,1
1652,585,1,2
1653,2725,9,1
1654,1604,10,4
1655,2972,12,2
1656,154,5,2
1657,2528,2,4
1658,9,3,3
1659,150,7,3
1660,265,1,4
1661,397,9,4
1662,990,6,2
1663,37,2,2
1664,697,6,2
1665,861,10,4
1666,2264,12,4
1667,2836,2,4
1668,2243,10,4
1669,1065,6,2
1670,701,9,2
1671,591,13,1
1672,910,8,2
1673,75,11,5
1674,673,8,5
1675,1038,12,4
1676,2269,6,4
1677,1931,8,3
1678,2690,1,1
1679,12,3,1
1680,932,4,1
1681,1811,12,5
1682,2567,4,2
1683,473,11,5
1684,140,8,3
1685,452,11,1
1686,1608,9,2
1687,1072,8,2
1688,1415,7,4
1689,2486,3,1
1690,2445,13,1
1691,1233,3,2
1692,457,11,1
1693,2620,2,4
1694,518,2,4
1695,1697,13,5
1696,349,3,4
1697,2562,12,4
1698,1166,8,1
1699,2234,6,4
1700,1801,5,1
1701,640,11,2
1702,1706,13,3
1703,41,3,4
1704,1938,10,1
1705,587,11,4
1706,2489,9,4
1707,1921,12,4
1708,1227,10,5
1709,32,10,1
1710,1277,1,2
1711,674,5,1
1712,1047,8,5
1713,2978,11,3
1714,273,10,3
1715,1308,10,4
1716,835,2,2
1717,2281,1,2
1718,740,4,3
1719,2303,13,4
1720,997,6,4
1721,2671,5,5
1722,814,3,3
1723,1805,1,4
1724,2962,1,1
1725,238,12,3
1726,1619,3,3
1727,824,3,2
1728,1933,1,5
1729,2213,7,5
1730,2505,12,3
1731,1894,13,4
1732,167,11,4
1733,385,12,1
1734,2623,7,5
1735,1256,12,4
1736,1258,4,1
1737,156,12,4
1738,1784,11,5
1739,1300,9,4
1740,1729,7,4
1741,2948,3,5
1742,1102,11,5
1743,553,11,3
1744,2884,2,1
1745,609,2,1
1746,2269,11,4
1747,2111,8,4
1748,1876,1,1
1749,1955,6,2
1750,2736,2,5
1751,1910,13,1
1752,565,7,3
1753,1401,9,3
1754,1327,13,3
1755,390,11,4
1756,2805,2,1
1757,1761,10,1
1758,2568,2,4
1759,1201,13,2
1760,2761,2,4
1761,2932,6,2
1762,883,7,5
1763,2275,1,5
1764,1898,3,4
1765,57,1,5
1766,1485,4,4
1767,56,13,4
1768,1176,10,4
1769,2624,9,5
1770,106,2,1
1771,877,12,5
1772,481,3,4
1773,2910,12,3
1774,2335,6,1
1775,174,4,4
1776,738,10,4
1777,641,10,5
1778,284,1,5
1779,817,11,5
1780,1512,8,2
1781,2688,8,3
1782,4,13,5
1783,2364,8,1
1784,646,7,2
1785,968,11,4
1786,1508,1,1
1787,1408,13,2
1788,322,7,2
1789,1505,6,3
1790,954,9,4
1791,1249,7,2
1792,223,9,4
1793,1077,13,2
1794,2354,8,5
1795,548,12,5
1796,2707,4,2
1797,12,4,2
1798,63,10,1
1799,2717,6,2
1800,106,6,3
1801,1600,12,4
1802,404,6,2
1803,648,4,5
1804,434,13,3
1805,1116,2,1
1806,1759,1,5
1807,315,4,5
1808,666,7,4
1809,2457,10,5
1810,2864,12,3
1811,362,3,5
1812,530,12,3
1813,2566,9,5
1814,1011,13,2
1815,1340,10,4
1816,113,3,1
1817,2948,4,2
1818,2536,12,4
1819,2345,7,1
1820,2049,1,1
1821,1658,12,1
1822,308,5,4
1823,2734,3,3
1824,1446,5,4
1825,2074,12,3
1826,553,2,1
1827,91,13,3
1828,1378,3,4
1829,2,3,3
1830,986,12,4
1831,1484,4,5
1832,2790,12,3
1833,1982,6,1
1834,2141,6,3
1835,59,7,3
1836,1365,6,3
1837,54,13,4
1838,2804,7,2
1839,1116,7,3
1840,1987,5,3
1841,294,2,1
1842,1408,5,1
1843,1657,12,2
1844,1143,7,3
1845,968,1,2
1846,1900,4,3
1847,2650,6,3
1848,195,3,3
1849,1017,10,4
1850,1152,9,2
1851,1029,12,3
1852,740,12,5
1853,1027,1,2
1854,22,11,4
1855,2549,4,5
1856,1658,8,4
1857,2069,5,3
1858,180,11,2
1859,2952,9,1
1860,2425,6,5
1861,838,9,5
1862,2191,2,3
1863,744,5,1
1864,885,4,2
1865,1894,3,4
1866,966,1,2
1867,2672,3,1
1868,106,2,1
1869,1668,4,1
1870,142,9,1
1871,2640,6,5
1872,2329,1,2
1873,453,3,4
1874,746,1,5
1875,2619,2,3
1876,861,1,3
1877,2950,9,4
1878,155,9,1
1879,1187,6,5
1880,579,8,5
1881,2589,13,5
1882,2677,2,2
1883,2654,1,4
1884,2631,5,2
1885,1647,5,5
1886,2869,2,3
1887,2859,3,5
1888,478,9,5
1889,1035,5,2
1890,1811,8,3
1891,1055,1,2
1892,978,4,3
1893,2171,11,1
1894,2640,5,3
1895,2714,7,1
1896,1654,4,4
1897,2357,7,5
1898,1266,4,4
1899,718,11,2
1900,2409,6,4
1901,1812,2,4
1902,160,13,5
1903,2708,9,3
1904,2609,1,3
1905,2162,10,3
1906,2656,6,5
1907,1152,7,2
1908,1859,6,2
1909,2639,5,4
1910,2984,4,4
1911,302,7,3
1912,21,11,1
1913,1836,12,3
1914,1192,13,1
1915,2887,8,5
1916,2397,1,4
1917,2166,12,2
1918,1000,2,2
1919,371,13,4
1920,476,3,1
1921,2242,12,2
1922,1739,8,5
1923,884,7,5
1924,1421,11,5
1925,69,9,4
1926,1479,3,5
1927,2721,8,4
1928,2786,3,4
1929,324,10,2
1930,2088,10,3
1931,747,8,4
1932,1291,6,3
1933,1790,10,2
1934,1976,3,5
1935,697,13,4
1936,1998,3,4
1937,2590,7,1
1938,2439,3,3
1939,2945,8,3
1940,1978,8,5
1941,2704,9,1
1942,358,6,4
1943,1790,4,1
1944,2700,4,4
1945,1223,1,4
1946,2655,6,1
1947,1436,2,3
1948,2943,6,4
1949,438,5,3
1950,1915,1,1
1951,1648,12,3
1952,160,4,4
1953,275,8,1
1954,2826,13,4
1955,2593,6,5
1956,1371,6,1
1957,1606,11,1
1958,317,13,5
1959,1887,13,2
1960,515,9,3
1961,1668,13,2
1962,2325,12,2
1963,2391,13,2
1964,108,8,5
1965,559,2,1
1966,809,4,2
1967,769,5,1
1968,1139,6,1
1969,2960,10,3
1970,702,2,4
1971,908,8,3
1972,2644,7,3
1973,543,7,4
1974,297,2,1
1975,2000,12,5
1976,1289,3,2
1977,2841,9,1
1978,2692,8,5
1979,1530,4,5
1980,1207,13,4
1981,1442,3,4
1982,2699,8,5
1983,456,5,3
1984,1032,3,4
1985,146,5,4
1986,202,2,1
1987,1823,2,5
1988,2110,3,4
1989,1697,2,4
1990,1713,13,5
1991,1150,6,1
1992,653,5,4
1993,995,1,4
1994,93,7,1
1995,864,7,5
1996,2058,8,4
1997,2504,5,3
1998,420,2,5
1999,2618,1,3
2000,2370,3,1
2001,1025,11,1
2002,528,9,5
2003,2932,12,1
2004,1241,4,5
2005,208,2,5
2006,2913,8,5
2007,1822,2,1
2008,2534,2,4
2009,1700,7,3
2010,137,6,4
2011,1558,3,1
2012,2077,12,2
2013,2248,4,1
2014,313,9,5
2015,1230,1,4
2016,2578,8,5
2017,1215,13,1
2018,1605,11,3
2019,1547,9,4
2020,440,2,1
2021,1010,7,1
2022,1608,9,2
2023,1815,6,1
2024,673,3,1
2025,1222,12,5
2026,2676,4,2
2027,2924,9,2
2028,477,5,2
2029,2001,4,4
2030,2879,2,5
2031,1371,4,5
2032,2475,12,2
2033,348,13,3
2034,1430,1,5
2035,1939,1,2
2036,2412,5,2
2037,369,11,4
2038,548,9,4
2039,1366,12,4
2040,1006,1,2
2041,506,1,1
2042,903,7,3
2043,2540,11,4
2044,2828,10,4
2045,1800,11,4
2046,1733,4,4
2047,938,13,2
2048,2182,11,5
2049,964,9,2
2050,2571,7,4
2051,325,3,3
2052,882,8,1
2053,78,3,4
2054,769,2,1
2055,647,12,4
2056,2760,1,1
2057,2499,2,5
2058,489,13,1
2059,1312,6,1
2060,1429,9,5
2061,3000,3,4
2062,2811,1,2
2063,1132,5,5
2064,1968,8,4
2065,1821,4,4
2066,632,12,4
2067,2697,8,2
2068,2496,5,5
2069,198,5,2
2070,1323,5,5
2071,1851,12,3
2072,978,13,4
2073,2505,1,1
2074,1242,12,5
2075,2163,2,2
2076,1912,12,2
2077,558,10,5
2078,1437,6,1
2079,123,3,5
2080,2323,4,5
2081,183,7,2
2082,2945,9,3
2083,2265,4,2
2084,2937,1,4
2085,2430,13,1
2086,1576,8,4
2087,967,1,4
2088,354,13,2
2089,2758,10,1
2090,2274,12,3
2091,512,11,2
2092,1673,9,1
2093,354,5,2
2094,2689,5,1
2095,192,10,3
2096,2650,2,1
2097,2695,3,3
2098,1277,10,1
2099,380,13,5
2100,208,6,4
2101,1953,12,4
2102,67,10,2
2103,739,13,4
2104,1041,6,4
2105,1201,12,4
2106,268,5,5
2107,2761,2,3
2108,164,8,3
2109,59,9,3
2110,2959,12,5
2111,2240,4,4
2112,2677,11,3
2113,942,11,4
2114,1116,4,2
2115,1643,1,1
2116,1217,10,1
2117,2539,13,3
2118,1008,4,3
2119,1943,4,2
2120,1708,7,4
2121,546,11,2
2122,932,11,5
2123,145,4,4
2124,211,6,3
2125,1416,11,1
2126,1559,13,4
2127,1870,2,3
2128,2469,11,5
2129,385,11,3
2130,1302,4,3
2131,2568,11,4
2132,2543,6,1
2133,715,1,5
2134,309,12,3
2135,2654,2,5
2136,169,8,1
2137,511,11,5
2138,718,5,5
2139,1145,3,1
2140,1030,9,1
2141,1363,7,4
2142,2944,10,5
2143,439,8,5
2144,2937,7,3
2145,2856,11,1
2146,239,5,4
2147,88,13,1
2148,1447,1,1
2149,1644,13,5
2150,278,8,2
2151,572,6,5
2152,1330,13,4
2153,1866,6,3
2154,2905,6,1
2155,2951,9,2
2156,344,10,5
2157,1334,11,2
2158,2633,8,3
2159,1894,9,3
2160,2323,5,1
2161,631,13,3
2162,1142,13,5
2163,2256,2,5
2164,557,7,1
2165,809,3,4
2166,1530,10,4
2167,2438,7,2
2168,2417,5,4
2169,2351,8,3
2170,1945,9,5
2171,1761,10,3
2172,353,1,3
2173,2973,6,4
2174,2934,10,2
2175,2895,1,2
2176,1582,1,1
2177,2303,2,3
2178,2382,9,4
2179,2718,7,5
2180,1224,4,4
2181,1106,10,2
2182,1084,5,4
2183,2776,5,5
2184,2279,4,2
2185,2045,6,2
2186,1694,5,5
2187,82,10,4
2188,316,6,1
2189,1398,10,5
2190,2024,6,2
2191,2529,12,3
2192,2844,10,4
2193,1163,3,4
2194,1323,10,5
2195,2632,4,5
2196,1590,3,3
2197,708,13,1
2198,2429,1,1
2199,1771,9,5
2200,2491,8,4
2201,2370,12,1
2202,45,10,1
2203,1028,10,4
2204,1563,12,3
2205,258,6,5
2206,239,9,4
2207,372,11,3
2208,535,8,5
2209,437,2,3
2210,1396,1,5
2211,2763,6,5
2212,617,12,5
2213,450,1,1
2214,707,13,5
2215,1084,12,2
2216,301,12,3
2217,481,13,2
2218,1778,1,1
2219,596,6,3
2220,966,1,2
2221,531,10,5
2222,2927,13,2
2223,1231,1,1
2224,2993,12,4
2225,2602,5,5
2226,1774,12,3
2227,2950,3,3
2228,1333,1,3
2229,1880,11,3
2230,947,11,5
2231,2022,2,4
2232,2098,8,2
2233,958,12,4
2234,2974,12,4
2235,2325,6,2
2236,834,3,5
2237,2278,11,1
2238,1558,8,4
2239,986,7,3
2240,1185,9,1
2241,2035,7,3
2242,1956,1,5
2243,2715,10,5
2244,2232,8,5
2245,892,9,1
2246,596,1,3
2247,15,13,2
2248,357,4,1
2249,476,8,1
2250,2164,8,5
2251,129,10,2
2252,2143,2,2
2253,1112,12,3
2254,2490,4,3
2255,188,6,5
2256,86,11,5
2257,1240,11,1
2258,2341,7,5
2259,1519,2,3
2260,554,2,4
2261,61,3,4
2262,1032,3,3
2263,1834,7,5
2264,2993,1,1
2265,72,5,4
2266,2070,10,1
2267,1833,11,2
2268,660,7,3
2269,906,3,5
2270,463,10,2
2271,438,4,5
2272,1479,3,3
2273,855,10,3
2274,2000,12,3
2275,2175,11,5
2276,1631,5,2
2277,997,3,3
2278,1447,9,2
2279,1414,1,2
2280,2964,13,5
2281,54,7,4
2282,1768,12,4
2283,283,1,1
2284,70,3,1
2285,693,1,1
2286,815,10,2
2287,2440,12,3
2288,1127,5,4
2289,1381,4,3
2290,57,7,1
2291,2768,13,1
2292,1918,1,1
2293,69,2,1
2294,2758,10,4
2295,810,9,2
2296,2771,5,4
2297,252,12,3
2298,2596,13,1
2299,756,4,5
2300,293,10,5
2301,1257,11,3
2302,850,5,4
2303,1108,4,1
2304,204,1,1
2305,2642,5,3
2306,532,9,1
2307,1726,8,2
2308,1636,1,1
2309,1851,6,1
2310,2474,9,1
2311,1977,5,1
2312,2830,6,5
2313,831,11,2
2314,97,10,4
2315,342,6,3
2316,1915,6,3
2317,2365,5,3
2318,1201,3,1
2319,2618,4,3
2320,651,6,4
2321,477,11,1
2322,1560,7,3
2323,2941,6,3
2324,1155,4,3
2325,2262,7,5
2326,1608,7,2
2327,130,7,1
2328,493,13,5
2329,2480,1,5
2330,679,13,3
2331,48,9,2
2332,2591,7,5
2333,228,10,4
2334,959,5,1
2335,2443,11,2
2336,2616,9,4
2337,2088,4,5
2338,126,11,5
2339,879,6,5
2340,516,12,1
2341,385,12,3
2342,2789,7,3
2343,1040,4,2
2344,1959,5,1
2345,2294,13,4
2346,2665,13,5
2347,794,6,4
2348,210,10,2
2349,1335,13,5
2350,1865,5,2
2351,372,1,2
2352,1233,10,2
2353,925,2,3
2354,2918,10,5
2355,295,13,4
2356,1863,8,2
2357,924,5,4
2358,1483,6,5
2359,919,5,2
2360,1308,6,2
2361,1288,11,2
2362,465,11,4
2363,1220,3,4
2364,585,9,4
2365,2867,2,1
2366,600,5,1
2367,2225,7,2
2368,2797,1,4
2369,2909,6,5
2370,256,13,1
2371,2449,7,2
2372,927,2,2
2373,1041,6,5
2374,908,9,2
2375,265,2,2
2376,944,8,2
2377,779,13,5
2378,2750,10,3
2379,1871,4,2
2380,753,6,2
2381,544,11,1
2382,273,4,4
2383,179,12,1
2384,1767,10,1
2385,540,3,2
2386,774,9,5
2387,1484,12,1
2388,1303,10,4
2389,1992,12,5
2390,523,11,3
2391,842,7,2
2392,1374,2,5
2393,1223,6,4
2394,642,11,1
2395,61,13,5
2396,1210,10,3
2397,1409,12,1
2398,1342,5,2
2399,941,9,2
2400,1073,10,3
2401,1614,13,4
2402,1190,11,4
2403,416,10,2
2404,1805,10,2
2405,2267,1,3
2406,540,5,5
2407,2810,4,3
2408,2809,5,4
2409,267,3,4
2410,196,8,4
2411,608,10,1
2412,650,4,2
2413,2078,7,5
2414,1999,1,5
2415,562,1,1
2416,2421,3,1
2417,48,13,5
2418,121,9,4
2419,2441,3,1
2420,2815,10,2
2421,975,12,3
2422,1016,1,2
2423,577,5,1
2424,368,9,1
2425,1398,6,2
2426,1956,7,3
2427,1715,2,4
2428,641,4,1
2429,1843,13,3
2430,2646,8,3
2431,1715,3,5
2432,2911,11,3
2433,1359,1,1
2434,1026,8,3
2435,93,6,5
2436,1002,6,5
2437,2084,13,4
2438,2375,10,4
2439,1892,9,3
2440,398,8,4
2441,439,7,2
2442,1045,10,3
2443,1699,10,1
2444,359,9,3
2445,1992,4,5
2446,2874,9,4
2447,2229,2,5
2448,66,2,3
2449,590,6,3
2450,2039,9,2
2451,328,11,3
2452,444,7,3
2453,223,1,4
2454,1381,2,1
2455,1147,2,5
2456,279,12,3
2457,2464,4,1
2458,2714,10,3
2459,2643,10,3
2460,97,10,4
2461,2770,3,4
2462,978,1,4
2463,336,3,1
2464,966,13,3
2465,2975,10,2
2466,65,1,1
2467,237,5,4
2468,2797,6,1
2469,2397,4,1
2470,2815,12,5
2471,553,1,4
2472,1141,7,2
2473,2112,6,2
2474,354,1,5
2475,2708,2,1
2476,950,5,2
2477,2196,9,3
2478,1976,10,4
2479,984,3,2
2480,238,11,5
2481,928,2,3
2482,792,9,4
2483,1943,4,1
2484,2894,12,2
2485,1210,4,4
2486,905,4,1
2487,1635,1,1
2488,1181,9,3
2489,513,10,3
2490,282,1,3
2491,2043,4,1
2492,1863,2,5
2493,2095,4,4
2494,1231,11,4
2495,2707,1,2
2496,144,1,3
2497,834,2,2
2498,2027,2,5
2499,2216,13,3
2500,1259,12,5
2501,719,6,2
2502,613,5,1
2503,884,12,4
2504,2927,4,3
2505,1268,10,4
2506,2007,11,1
2507,181,13,4
2508,2833,10,4
2509,2695,4,4
2510,2812,3,4
2511,405,1,5
2512,2360,3,5
2513,2856,4,4
2514,2002,11,1
2515,55,3,5
2516,268,9,5
2517,2563,10,5
2518,1526,1,2
2519,526,13,5
2520,746,5,3
2521,1372,4,2
2522,539,4,4
2523,295,13,3
2524,2524,2,3
2525,142,7,3
2526,239,3,4
2527,2768,10,3
2528,2458,4,4
2529,1532,1,4
2530,1973,4,1
2531,873,6,1
2532,605,7,2
2533,2177,9,5
2534,1940,8,3
2535,2168,10,2
2536,1061,9,3
2537,204,2,2
2538,2305,13,3
2539,2877,11,3
2540,2595,10,5
2541,1110,7,5
2542,1450,8,3
2543,662,9,3
2544,1738,7,3
2545,1483,9,4
2546,782,11,3
2547,120,13,1
2548,2162,6,3
2549,1485,8,5
2550,171,11,2
2551,2145,6,3
2552,1116,1,2
2553,488,6,4
2554,999,9,4
2555,2157,11,5
2556,2490,4,5
2557,174,10,4
2558,966,7,5
2559,860,10,5
2560,405,3,4
2561,1577,6,1
2562,2065,4,2
2563,418,8,1
2564,1252,7,2
2565,1617,7,4
2566,1630,5,3
2567,758,11,1
2568,1872,2,3
2569,2696,12,1
2570,1440,8,4
2571,264,1,4
2572,1744,9,5
2573,264,1,4
2574,584,4,2
2575,2861,4,4
2576,1072,11,1
2577,2733,12,4
2578,1689,7,4
2579,1101,13,4
2580,1663,1,1
2581,79,8,4
2582,1731,4,3
2583,1223,6,1
2584,675,7,5
2585,610,9,2
2586,1445,1,5
2587,2343,1,3
2588,648,6,5
2589,2401,12,4
2590,2900,5,4
2591,1783,12,2
2592,2777,1,3
2593,1753,12,3
2594,2614,11,5
2595,1100,4,3
2596,2782,8,1
2597,497,4,2
2598,1765,8,2
2599,1065,3,2
2600,1952,6,5
2601,348,8,1
2602,2658,4,4
2603,492,10,5
2604,429,9,5
2605,1204,6,1
2606,1773,7,2
2607,67,7,5
2608,376,2,2
2609,2380,10,4
2610,2112,11,2
2611,295,4,5
2612,1238,13,3
2613,1968,9,5
2614,1083,13,3
2615,1766,10,2
2616,851,13,4
2617,2623,6,2
2618,2117,6,5
2619,411,1,4
2620,1028,1,3
2621,1884,3,4
2622,2088,5,5
2623,172,4,2
2624,2582,7,2
2625,2438,3,4
2626,26,9,1
2627,1195,3,3
2628,1646,2,3
2629,2367,6,3
2630,182,5,4
2631,2338,11,1
2632,1929,9,3
2633,1074,1,4
2634,1455,1,3
2635,2052,5,3
2636,1435,10,5
2637,2758,5,1
2638,2541,12,1
2639,2006,11,3
2640,728,9,1
2641,483,1,4
2642,1990,6,2
2643,733,4,4
2644,2787,1,3
2645,1219,5,2
2646,2251,10,3
2647,2757,5,4
2648,1304,9,5
2649,2011,13,1
2650,2022,1,5
2651,1768,8,1
2652,436,6,2
2653,251,3,3
2654,1812,11,3
2655,623,1,5
2656,2278,4,4
2657,598,12,4
2658,644,8,3
2659,1803,4,3
2660,2895,8,5
2661,83,8,5
2662,766,7,3
2663,1253,13,1
2664,1471,5,2
2665,793,12,2
2666,786,12,1
2667,1008,6,2
2668,1515,8,4
2669,1649,7,4
2670,77,5,5
2671,2952,4,2
2672,715,11,5
2673,646,6,5
2674,427,6,5
2675,2762,3,1
2676,170,5,1
2677,181,2,2
2678,2861,5,5
2679,1535,5,5
2680,1967,12,5
2681,522,13,5
2682,1595,10,2
2683,631,5,2
2684,467,4,2
2685,1712,7,5
2686,2742,6,2
2687,2876,1,3
2688,967,7,3
2689,1728,3,1
2690,1588,13,4
2691,1336,1,4
2692,2002,5,5
2693,2444,12,5
2694,2765,11,2
2695,536,12,2
2696,2124,8,1
2697,2631,12,3
2698,464,1,4
2699,1856,6,2
2700,2929,11,5
2701,1069,2,4
2702,623,10,3
2703,947,10,2
2704,2142,2,1
2705,1158,9,5
2706,2813,7,3
2707,512,8,5
2708,2147,7,2
2709,1403,9,3
2710,2462,11,5
2711,2675,4,4
2712,1222,10,5
2713,2609,4,2
2714,2924,8,4
2715,2764,7,1
2716,1808,6,1
2717,924,6,1
2718,323,6,2
2719,2341,1,1
2720,1447,8,3
2721,2335,1,4
2722,1816,13,4
2723,1165,12,5
2724,2324,6,3
2725,2319,10,1
2726,2698,10,1
2727,355,12,1
2728,907,4,5
2729,1011,9,5
2730,715,8,2
2731,1658,6,1
2732,349,7,5
2733,2609,11,2
2734,1546,3,3
2735,862,10,4
2736,1806,13,5
2737,1187,12,5
2738,252,10,5
2739,1396,5,3
2740,1824,8,3
2741,1030,7,4
2742,882,13,3
2743,1879,12,1
2744,1505,12,1
2745,2421,7,2
2746,1480,5,1
2747,20,2,5
2748,1285,6,5
2749,2258,9,5
2750,692,11,3
2751,348,1,2
2752,2902,2,3
2753,891,11,3
2754,1964,10,1
2755,532,9,3
2756,1810,11,2
2757,2050,7,2
2758,1473,10,1
2759,849,8,4
2760,39,11,1
2761,1933,5,5
2762,1962,9,1
2763,638,5,1
2764,585,12,5
2765,2129,12,3
2766,2703,3,4
2767,2977,9,1
2768,308,11,2
2769,1704,13,2
2770,953,7,5
2771,2455,9,3
2772,1488,2,4
2773,946,3,3
2774,1203,3,3
2775,2346,11,2
2776,1627,9,1
2777,892,2,1
2778,257,3,1
2779,23,10,5
2780,282,7,3
2781,1815,9,5
2782,235,13,4
2783,1032,1,3
2784,1018,2,5
2785,2543,12,1
2786,2960,2,1
2787,358,1,2
2788,2994,6,3
2789,931,1,1
2790,961,13,1
2791,1707,6,5
2792,1104,11,4
2793,2803,1,1
2794,1236,5,2
2795,1653,10,3
2796,618,4,1
2797,254,13,1
2798,1055,13,4
2799,2949,12,1
2800,2701,11,4
2801,1251,12,2
2802,1095,4,5
2803,2468,1,1
2804,1288,7,1
2805,2701,11,5
2806,279,13,5
2807,906,2,5
2808,760,3,3
2809,2706,6,3
2810,2108,7,4
2811,2768,9,4
2812,225,12,4
2813,2050,12,1
2814,2200,4,5
2815,988,6,2
2816,1288,9,2
2817,1923,8,1
2818,1978,2,4
2819,1208,5,4
2820,2926,3,5
2821,2132,7,2
2822,556,2,4
2823,2374,2,3
2824,620,11,1
2825,218,13,1
2826,56,5,2
2827,1765,5,4
2828,1202,10,5
2829,1231,12,1
2830,466,2,5
2831,433,8,1
2832,2239,5,1
2833,484,8,1
2834,2886,4,4
2835,2771,1,5
2836,2190,6,1
2837,401,4,2
2838,2327,2,3
2839,1906,9,5
2840,371,13,1
2841,576,9,5
2842,2455,7,5
2843,965,9,4
2844,2604,7,5
2845,2733,4,3
2846,381,2,5
2847,1335,5,5
2848,1566,6,3
2849,1562,6,1
2850,896,7,4
2851,1076,7,3
2852,2752,12,5
2853,2284,6,4
2854,1935,7,1
2855,2219,9,5
2856,1424,4,4
2857,787,8,2
2858,1323,10,5
2859,1730,11,3
2860,2517,1,5
2861,390,10,4
2862,626,7,3
2863,2740,11,3
2864,1661,10,3
2865,806,10,5
2866,2456,4,5
2867,656,6,5
2868,2645,4,4
2869,472,1,1
2870,546,2,3
2871,914,8,4
2872,2905,5,3
2873,1877,7,5
2874,130,4,2
2875,399,3,3
2876,747,8,4
2877,1926,12,5
2878,1209,3,4
2879,1991,8,5
2880,739,9,1
2881,2211,13,1
2882,929,4,3
2883,2808,10,4
2884,1417,13,2
2885,2766,13,2
2886,1976,8,5
2887,975,10,5
2888,1196,1,5
2889,229,10,3
2890,1654,6,3
2891,564,1,4
2892,1221,4,4
2893,2093,6,4
2894,928,1,3
2895,2965,5,1
2896,409,10,2
2897,311,5,2
2898,1391,8,5
2899,2079,1,5
2900,2390,10,2
2901,1169,4,4
2902,1261,4,4
2903,2548,4,1
2904,767,9,5
2905,1307,3,2
2906,2101,13,1
2907,2646,5,4
2908,1815,5,1
2909,474,4,2
2910,864,7,2
2911,557,6,2
2912,125,9,1
2913,1465,11,4
2914,138,3,5
2915,136,12,2
2916,1839,3,4
2917,49,4,1
2918,325,13,3
2919,2295,2,5
2920,2121,10,4
2921,117,13,4
2922,613,3,2
2923,1718,1,3
2924,2650,3,5
2925,2079,13,1
2926,2503,9,2
2927,2781,9,1
2928,2942,12,2
2929,1814,2,5
2930,1534,9,4
2931,1696,5,2
2932,628,13,1
2933,2272,12,2
2934,11,12,5
2935,2952,2,4
2936,898,6,2
2937,371,11,4
2938,27,7,5
2939,353,13,3
2940,1969,8,5
2941,2146,3,5
2942,2667,13,2
2943,2662,5,4
2944,390,3,5
2945,1288,12,1
2946,2636,2,2
2947,1025,6,5
2948,839,1,1
2949,314,2,2
2950,465,9,5
2951,433,2,5
2952,2972,4,2
2953,456,6,4
2954,577,4,5
2955,2088,7,3
2956,1373,7,5
2957,1007,11,3
2958,1199,4,5
2959,194,9,4
2960,2190,7,3
2961,1668,8,2
2962,900,4,2
2963,1299,5,5
2964,1042,10,4
2965,1316,5,1
2966,2078,7,2
2967,2140,1,5
2968,2600,2,5
2969,2424,10,1
2970,2199,3,4
2971,1027,12,1
2972,803,6,5
2973,2476,7,5
2974,2171,12,5
2975,690,7,5
2976,2742,12,4
2977,2415,9,5
2978,2991,11,4
2979,2818,4,4
2980,2861,13,2
2981,41,13,5
2982,2826,8,2
2983,2638,6,1
2984,733,3,1
2985,1588,4,5
2986,1571,7,4
2987,1704,3,2
2988,2826,11,5
2989,1769,8,4
2990,400,7,5
2991,1356,8,2
2992,570,6,5
2993,2307,4,5
2994,2729,4,5
2995,1935,13,4
2996,1169,11,1
2997,1582,9,5
2998,1689,6,2
2999,2947,12,4
3000,2310,13,4
